key,title,status,verdict,have_as,local_path,generations,kinds,authors,licenses,license_verdict,downloads,views,likes,sources,urls
reaction-diffusion,T - Reaction Diffusion,have-derived,,reaction-diffusion,eyesy-modes-bespoke/reaction-diffusion,unknown;v2-pygame;v3-pygame,mode,Martin Defatte;guerrilladigital,"BSD 2-Clause ""Simplified"" License;BSD 2-Clause (see LICENSE in project root)",copyleft;permissive,83,379,2,patchstorage:t-reaction-diffusion;patchstorage:t-reaction-diffusion-2;pysey:modes/V2/T - Reaction Diffusion;pysey:modes/V3/T - Reaction Diffusion,https://github.com/martindefatte/pysey/blob/master/modes/V2/T%20-%20Reaction%20Diffusion/main.py;https://github.com/martindefatte/pysey/blob/master/modes/V3/T%20-%20Reaction%20Diffusion/main.py;https://patchstorage.com/t-reaction-diffusion-2/;https://patchstorage.com/t-reaction-diffusion/
flow-field-drift,T - Flow Field Drift,have-derived,,flow-field-drift,eyesy-modes-bespoke/flow-field-drift,unknown;v2-pygame;v3-pygame,mode,Martin Defatte;guerrilladigital,"BSD 2-Clause ""Simplified"" License;BSD 2-Clause (see LICENSE in project root)",copyleft;permissive,79,376,3,patchstorage:t-flow-field-drift;patchstorage:t-flow-field-drift-2;pysey:modes/V2/T - Flow Field Drift;pysey:modes/V3/T - Flow Field Drift,https://github.com/martindefatte/pysey/blob/master/modes/V2/T%20-%20Flow%20Field%20Drift/main.py;https://github.com/martindefatte/pysey/blob/master/modes/V3/T%20-%20Flow%20Field%20Drift/main.py;https://patchstorage.com/t-flow-field-drift-2/;https://patchstorage.com/t-flow-field-drift/
strange-attractor,S - Strange Attractor,have-derived,,lorenz-trail,,unknown;v2-pygame;v3-pygame,mode,Martin Defatte;guerrilladigital,"BSD 2-Clause ""Simplified"" License;BSD 2-Clause (see LICENSE in project root)",copyleft;permissive,79,467,3,patchstorage:s-strange-attractor;patchstorage:s-strange-attractor-2;pysey:modes/V2/S - Strange Attractor;pysey:modes/V3/S - Strange Attractor,https://github.com/martindefatte/pysey/blob/master/modes/V2/S%20-%20Strange%20Attractor/main.py;https://github.com/martindefatte/pysey/blob/master/modes/V3/S%20-%20Strange%20Attractor/main.py;https://patchstorage.com/s-strange-attractor-2/;https://patchstorage.com/s-strange-attractor/
whitney-fans,S - Whitney Fans,have-derived,,whitney-kaleido,,unknown;v2-pygame;v3-pygame,mode,Wavefiler;guerrilladigital,"BSD 2-Clause ""Simplified"" License;BSD 2-Clause (see LICENSE in project root)",copyleft;permissive,58,315,3,patchstorage:s-whitney-fans;patchstorage:s-whitney-fans-2;pysey:modes/V2/S - Whitney Fans;pysey:modes/V3/S - Whitney Fans,https://github.com/martindefatte/pysey/blob/master/modes/V2/S%20-%20Whitney%20Fans/main.py;https://github.com/martindefatte/pysey/blob/master/modes/V3/S%20-%20Whitney%20Fans/main.py;https://patchstorage.com/s-whitney-fans-2/;https://patchstorage.com/s-whitney-fans/
chladni-resonance,S - Chladni Resonance,have-derived,,chladni-plate,,unknown;v2-pygame;v3-pygame,mode,Martin Defatte;guerrilladigital,"BSD 2-Clause ""Simplified"" License;BSD 2-Clause (see LICENSE in project root)",copyleft;permissive,56,297,3,patchstorage:s-chladni-resonance;patchstorage:s-chladni-resonance-2;pysey:modes/V2/S - Chladni Resonance;pysey:modes/V3/S - Chladni Resonance,https://github.com/martindefatte/pysey/blob/master/modes/V2/S%20-%20Chladni%20Resonance/main.py;https://github.com/martindefatte/pysey/blob/master/modes/V3/S%20-%20Chladni%20Resonance/main.py;https://patchstorage.com/s-chladni-resonance-2/;https://patchstorage.com/s-chladni-resonance/
concentric,S - Concentric,have-ported,,s-concentric,s-concentric,unknown;v2-pygame;v3-pygame,mode,Arimuri;Critter & Guitari;hdesoyres;jeromedagustin;pmerienne,BSD-2-Clause;NOASSERTION,check;permissive,,,,community:Arimuri/SHRTY/S - Concentric;community:hdesoyres/eyesy-modes/S - Concentric;community:jeromedagustin/eyesy_projects/S - Concentric;community:pmerienne/eyesy-modes/S - Concentric;github-stock:EYESY_Modes_OSv3/S - Concentric;github-stock:EYESY_Modes_Pygame/S - Concentric,https://github.com/Arimuri/SHRTY/blob/main/data/Modes/S%20-%20Concentric/main.py;https://github.com/critterandguitari/EYESY_Modes_OSv3/blob/main/S%20-%20Concentric/main.py;https://github.com/critterandguitari/EYESY_Modes_Pygame/blob/master/S%20-%20Concentric/main.py;https://github.com/hdesoyres/eyesy-modes/blob/master/Modes/Python/S%20-%20Concentric/main.py;https://github.com/jeromedagustin/eyesy_projects/blob/main/examples/scopes/S%20-%20Concentric/main.py;https://github.com/pmerienne/eyesy-modes/blob/main/Modes/Python/S%20-%20Concentric/main.py
cone-scope,S - Cone Scope,have-ported,,s-cone-scope,s-cone-scope,unknown;v2-pygame;v3-pygame,mode,Arimuri;Critter & Guitari;hdesoyres;jeromedagustin;pmerienne,BSD-2-Clause;NOASSERTION,check;permissive,,,,community:Arimuri/SHRTY/S - Cone Scope;community:hdesoyres/eyesy-modes/S - Cone Scope;community:jeromedagustin/eyesy_projects/S - Cone Scope;community:pmerienne/eyesy-modes/S - Cone Scope;github-stock:EYESY_Modes_OSv3/S - Cone Scope;github-stock:EYESY_Modes_Pygame/S - Cone Scope,https://github.com/Arimuri/SHRTY/blob/main/data/Modes/S%20-%20Cone%20Scope/main.py;https://github.com/critterandguitari/EYESY_Modes_OSv3/blob/main/S%20-%20Cone%20Scope/main.py;https://github.com/critterandguitari/EYESY_Modes_Pygame/blob/master/S%20-%20Cone%20Scope/main.py;https://github.com/hdesoyres/eyesy-modes/blob/master/Modes/Python/S%20-%20Cone%20Scope/main.py;https://github.com/jeromedagustin/eyesy_projects/blob/main/examples/scopes/S%20-%20Cone%20Scope/main.py;https://github.com/pmerienne/eyesy-modes/blob/main/Modes/Python/S%20-%20Cone%20Scope/main.py
gradient-friend,S - Gradient Friend,have-ported,,s-gradient-friend,s-gradient-friend,unknown;v2-pygame;v3-pygame,mode,Arimuri;Critter & Guitari;hdesoyres;jeromedagustin;pmerienne,BSD-2-Clause;NOASSERTION,check;permissive,,,,community:Arimuri/SHRTY/S - Gradient Friend;community:hdesoyres/eyesy-modes/S - Gradient Friend;community:jeromedagustin/eyesy_projects/S - Gradient Friend;community:pmerienne/eyesy-modes/S - Gradient Friend;github-stock:EYESY_Modes_OSv3/S - Gradient Friend;github-stock:EYESY_Modes_Pygame/S - Gradient Friend,https://github.com/Arimuri/SHRTY/blob/main/data/Modes/S%20-%20Gradient%20Friend/main.py;https://github.com/critterandguitari/EYESY_Modes_OSv3/blob/main/S%20-%20Gradient%20Friend/main.py;https://github.com/critterandguitari/EYESY_Modes_Pygame/blob/master/S%20-%20Gradient%20Friend/main.py;https://github.com/hdesoyres/eyesy-modes/blob/master/Modes/Python/S%20-%20Gradient%20Friend/main.py;https://github.com/jeromedagustin/eyesy_projects/blob/main/examples/scopes/S%20-%20Gradient%20Friend/main.py;https://github.com/pmerienne/eyesy-modes/blob/main/Modes/Python/S%20-%20Gradient%20Friend/main.py
isometric-wave-runner,T - Isometric Wave Runner,missing,,,,unknown,mode,DudeTheDev;jeromedagustin,The Unlicense,permissive,870,1545,13,community:jeromedagustin/eyesy_projects/T - Isometric Wave Runner;patchstorage:t-isometric-wave-runner,https://github.com/jeromedagustin/eyesy_projects/blob/main/examples/triggers/T%20-%20Isometric%20Wave%20Runner/main.py;https://patchstorage.com/t-isometric-wave-runner/
font-recedes-update,T - Font Recedes (Update),missing,,,,unknown,mode,CritterandGuitari,"BSD 3-Clause ""New"" or ""Revised"" License",permissive,785,1337,14,patchstorage:t-font-recedes-update,https://patchstorage.com/t-font-recedes-update/
isometric-wave,T - Isometric Wave,missing,,,,unknown,mode,DudeTheDev;jeromedagustin,Custom License,check,742,1142,16,community:jeromedagustin/eyesy_projects/T - Isometric Wave;patchstorage:t-isometric-wave,https://github.com/jeromedagustin/eyesy_projects/blob/main/examples/triggers/T%20-%20Isometric%20Wave/main.py;https://patchstorage.com/t-isometric-wave/
10-print,T - 10 PRINT,missing,,,,unknown,mode,DudeTheDev;Verbanderbog;jeromedagustin,Custom License;MIT,check;permissive,716,916,20,community:Verbanderbog/eyesy-test-env/T - 10 PRINT;community:jeromedagustin/eyesy_projects/T - 10 Print;patchstorage:t-10-print,https://github.com/Verbanderbog/eyesy-test-env/blob/master/T%20-%2010%20PRINT/main.py;https://github.com/jeromedagustin/eyesy_projects/blob/main/examples/triggers/T%20-%2010%20Print/main.py;https://patchstorage.com/t-10-print/
a-zach-reactive,S - A ZACH Reactive,missing,,,,unknown,mode,DudeTheDev;jeromedagustin,Custom License,check,646,918,11,community:jeromedagustin/eyesy_projects/S - A ZACH Reactive;patchstorage:s-a-zach-reactive,https://github.com/jeromedagustin/eyesy_projects/blob/main/examples/scopes/S%20-%20A%20ZACH%20Reactive/main.py;https://patchstorage.com/s-a-zach/
a-zach-twisted-lotus,S - A ZACH Twisted Lotus,missing,,,,unknown,mode,DudeTheDev,The Unlicense,permissive,630,937,6,patchstorage:s-a-zach-twisted-lotus,https://patchstorage.com/s-a-zach-twisted-lotus/
a-zach-spiral,S - A ZACH Spiral,missing,,,,unknown,mode,DudeTheDev;jeromedagustin,The Unlicense,permissive,595,831,15,community:jeromedagustin/eyesy_projects/S - A Zach Spiral;patchstorage:s-a-zach-spiral,https://github.com/jeromedagustin/eyesy_projects/blob/main/examples/scopes/S%20-%20A%20Zach%20Spiral/main.py;https://patchstorage.com/s-a-zach-spiral/
webcam,U - Webcam,missing,,,,unknown;v2-pygame,mode,jeromedagustin;velolala,Creative Commons Zero v1.0 Universal,check,541,3491,11,community:jeromedagustin/eyesy_projects/U - Webcam;patchstorage:webcam,https://github.com/jeromedagustin/eyesy_projects/blob/main/examples/utilities/U%20-%20Webcam/main.py;https://patchstorage.com/webcam/
oflua-sinewavegradations,ofLua_SineWaveGradations,missing,,,,v1-of-lua,mode,kiho,Creative Commons Attribution 4.0,check,540,783,9,patchstorage:oflua_sinewavegradations,https://patchstorage.com/oflua_sinewavegradations/
a-zach-runner,S - A ZACH Runner,missing,,,,unknown,mode,DudeTheDev,Custom License,check,472,672,8,patchstorage:s-a-zach-runner,https://patchstorage.com/s-a-zach-runner/
oflua-filledcolors,ofLua_FilledColors,missing,,,,v1-of-lua,mode,kiho,Creative Commons Attribution 4.0,check,452,673,7,patchstorage:oflua_filledcolors,https://patchstorage.com/oflua_filledcolors/
phyllotaxis,Phyllotaxis,missing,,,,unknown,mode,hgreene624,Do What The F*ck You Want To Public License,check,441,1096,8,patchstorage:phyllotaxis,https://patchstorage.com/phyllotaxis/
a-zach-trailing-spiral,S - A ZACH Trailing Spiral,missing,,,,unknown,mode,DudeTheDev,The Unlicense,permissive,424,674,8,patchstorage:s-a-zach-trailing-spiral,https://patchstorage.com/s-a-zach-trailing-spiral/
z-voxel-starfield-jammed,Z - Voxel Starfield Jammed,missing,,,,unknown,mode,DudeTheDev,Academic Free License v3.0,check,385,1391,10,patchstorage:z-voxel-starfield-jammed,https://patchstorage.com/z-voxel-starfield-jammed/
arroyo-boids,Arroyo Boids,missing,,,,unknown,mode,hgreene624,Creative Commons Attribution 4.0,check,309,1086,7,patchstorage:arroyo-boids,https://patchstorage.com/arroyo-boids/
z-voxel-starfield,Z - Voxel Starfield,missing,,,,unknown,mode,DudeTheDev,The Unlicense,permissive,300,1389,9,patchstorage:z-voxel-starfield,https://patchstorage.com/z-voxel-starfield/
fourier-series-orbiter,Fourier Series Orbiter,missing,,,,unknown,mode,hgreene624,Academic Free License v3.0,check,286,1127,8,patchstorage:fourier-series-orbiter,https://patchstorage.com/fourier-series-orbiter/
spinning-discs,S - Spinning Discs,missing,,,,unknown;v3-pygame,mode,Arimuri;Critter & Guitari;DudeTheDev;jeromedagustin,BSD-2-Clause;NOASSERTION;The Unlicense,check;permissive,279,963,6,community:Arimuri/SHRTY/S - Spinning Discs;community:jeromedagustin/eyesy_projects/S - Spinning Discs;github-stock:EYESY_Modes_OSv3/S - Spinning Discs;patchstorage:s-spinning-discs,https://github.com/Arimuri/SHRTY/blob/main/data/Modes/S%20-%20Spinning%20Discs/main.py;https://github.com/critterandguitari/EYESY_Modes_OSv3/blob/main/S%20-%20Spinning%20Discs/main.py;https://github.com/jeromedagustin/eyesy_projects/blob/main/examples/scopes/S%20-%20Spinning%20Discs/main.py;https://patchstorage.com/s-spinning-discs/
triangle-row,S - Triangle Row,missing,,,,unknown,mode,DudeTheDev,The Unlicense,permissive,277,976,5,patchstorage:s-triangle-row,https://patchstorage.com/s-triangle-row/
connected-scope,S - Connected Scope,missing,,,,unknown,mode,DudeTheDev;jeromedagustin,The Unlicense,permissive,271,837,7,community:jeromedagustin/eyesy_projects/S - Connected Scope;patchstorage:s-connected-scope,https://github.com/jeromedagustin/eyesy_projects/blob/main/examples/scopes/S%20-%20Connected%20Scope/main.py;https://patchstorage.com/s-connected-scope/
fa-zoom-rings,T - FA_Zoom_Rings,missing,,,,unknown,mode,DudeTheDev,Academic Free License v3.0,check,271,1139,8,patchstorage:t-fa_zoom_rings,https://patchstorage.com/t-fa_zoom_rings/
subliminal-messenger,T - Subliminal Messenger,missing,,,,v3-pygame,mode,Silicon_Carne,GNU General Public License v3.0,check,256,1505,6,patchstorage:t-subliminal-messenger,https://patchstorage.com/t-subliminal-messenger/
randomizer-o-tr,Randomizer - O+-TR,missing,,,,unknown,mode,CritterandGuitari,"BSD 3-Clause ""New"" or ""Revised"" License",permissive,250,1314,10,patchstorage:randomizer-o-tr,https://patchstorage.com/randomizer-o-tr/
poopington-starfield,Poopington Starfield,missing,,,,unknown,mode,Dillon_Hodges,Do What The F*ck You Want To Public License,check,244,1382,9,patchstorage:poopington-starfield,https://patchstorage.com/poopington-starfield/
bom-reckies-trans-lfos,T - BoM Reckies Trans LFOs,missing,,,,unknown,mode,DudeTheDev;jeromedagustin,Academic Free License v3.0,check,232,953,3,community:jeromedagustin/eyesy_projects/T - BoM Reckies Trans LFOs;patchstorage:t-bom-reckies-trans-lfos-2,https://github.com/jeromedagustin/eyesy_projects/blob/main/examples/triggers/T%20-%20BoM%20Reckies%20Trans%20LFOs/main.py;https://patchstorage.com/t-bom-reckies-trans-lfos-2/
star-scroll,STAR SCROLL,missing,,,,unknown,mode,Dillon_Hodges,Do What The F*ck You Want To Public License,check,227,1408,7,patchstorage:star-scroll,https://patchstorage.com/star-scroll/
z-mover-box,Z - Mover Box,missing,,,,unknown,mode,DudeTheDev,The Unlicense,permissive,225,1554,7,patchstorage:z-mover-box,https://patchstorage.com/z-mover-box/
tiles-outlines,T - Tiles - Outlines,missing,,,,unknown;v3-pygame,mode,Arimuri;Critter & Guitari;CritterandGuitari;jeromedagustin,"BSD 3-Clause ""New"" or ""Revised"" License;BSD-2-Clause;NOASSERTION",check;permissive,224,851,8,community:Arimuri/SHRTY/T - Tiles - Outlines;community:jeromedagustin/eyesy_projects/T - Tiles - Outlines;github-stock:EYESY_Modes_OSv3/T - Tiles - Outlines;patchstorage:t-tiles-outlines,https://github.com/Arimuri/SHRTY/blob/main/data/Modes/T%20-%20Tiles%20-%20Outlines/main.py;https://github.com/critterandguitari/EYESY_Modes_OSv3/blob/main/T%20-%20Tiles%20-%20Outlines/main.py;https://github.com/jeromedagustin/eyesy_projects/blob/main/examples/triggers/T%20-%20Tiles%20-%20Outlines/main.py;https://patchstorage.com/t-tiles-outlines/
interfering-lines,S - Interfering Lines,missing,,,,unknown,mode,DudeTheDev,The Unlicense,permissive,223,749,4,patchstorage:s-interfering-lines,https://patchstorage.com/s-interfering-lines/
spiral-alley,T - Spiral Alley,missing,,,,unknown,mode,caljup;cuppofruppo;jeromedagustin,Do What The F*ck You Want To Public License,check,221,1055,8,community:caljup/eyesy-modes/T - Spiral Alley;community:jeromedagustin/eyesy_projects/T - Spiral Alley;patchstorage:t-spiral-alley,https://github.com/caljup/eyesy-modes/blob/main/eyesy-modes/T%20-%20Spiral%20Alley/main.py;https://github.com/jeromedagustin/eyesy_projects/blob/main/examples/triggers/T%20-%20Spiral%20Alley/main.py;https://patchstorage.com/t-spiral-alley/
horizontal-2xlfo-trails,S - Horizontal + 2xLFO Trails,missing,,,,unknown,mode,CritterandGuitari,"BSD 3-Clause ""New"" or ""Revised"" License",permissive,219,953,1,patchstorage:s-horizontal-2xlfo-trails,https://patchstorage.com/s-horizontal-2xlfo-trails/
slideshow-big-center-ag-trails,T - Slideshow Big Center-AG-Trails,missing,,,,unknown,mode,DudeTheDev,Academic Free License v3.0,check,216,1295,5,patchstorage:t-slideshow-big-center-ag-trails-2,https://patchstorage.com/t-slideshow-big-center-ag-trails-2/
a-spaghetti-monster,S - A Spaghetti Monster,missing,,,,unknown,mode,DudeTheDev,The Unlicense,permissive,211,1282,3,patchstorage:s-a-spaghetti-monster,https://patchstorage.com/s-a-spaghetti-monster/
bouncing-bars-lfo,S - Bouncing Bars LFO,missing,,,,unknown,mode,DudeTheDev;jeromedagustin,The Unlicense,permissive,210,628,5,community:jeromedagustin/eyesy_projects/S - Bouncing Bars LFO;patchstorage:s-bouncing-bars-lfo-2,https://github.com/jeromedagustin/eyesy_projects/blob/main/examples/scopes/S%20-%20Bouncing%20Bars%20LFO/main.py;https://patchstorage.com/s-bouncing-bars-lfo-2/
horizontal-lfo-trails,S - Horizontal + LFO Trails,missing,,,,unknown,mode,CritterandGuitari,"BSD 3-Clause ""New"" or ""Revised"" License",permissive,210,811,2,patchstorage:s-horizontal-lfo-trails,https://patchstorage.com/s-horizontal-lfo-trails/
sine-wave-rainbow,T -  Sine Wave Rainbow,missing,,,,unknown,mode,DudeTheDev;Verbanderbog,Academic Free License v3.0;MIT,check;permissive,207,1007,3,community:Verbanderbog/eyesy-test-env/T -  Sine Wave Rainbow;patchstorage:t-sine-wave-rainbow,https://github.com/Verbanderbog/eyesy-test-env/blob/master/T%20-%20%20Sine%20Wave%20Rainbow/main.py;https://patchstorage.com/t-sine-wave-rainbow/
sound-jaws-ag-alpha,S - Sound Jaws-AG-Alpha,missing,,,,unknown,mode,DudeTheDev,The Unlicense,permissive,206,926,2,patchstorage:s-sound-jaws-ag-alpha-2,https://patchstorage.com/s-sound-jaws-ag-alpha-2/
feynman,S - Feynman,missing,,,,unknown,mode,DudeTheDev,The Unlicense,permissive,202,722,5,patchstorage:s-feynman,https://patchstorage.com/s-feynman/
a-spirograph,S - A Spirograph,missing,,,,unknown,mode,DudeTheDev,The Unlicense,permissive,201,1085,6,patchstorage:s-a-spirograph,https://patchstorage.com/s-a-spirograph/
unknown-pleasures-visualization,Unknown Pleasures Visualization,missing,,,,unknown,mode,Jason_Bliss,Custom License,check,201,1094,5,patchstorage:unknown-pleasures-visualization,https://patchstorage.com/unknown-pleasures-visualization/
webcam-grid,U - Webcam Grid,missing,,,,unknown,mode,DudeTheDev;jeromedagustin,Academic Free License v3.0,check,201,2299,2,community:jeromedagustin/eyesy_projects/U - Webcam Grid;patchstorage:u-webcam-grid,https://github.com/jeromedagustin/eyesy_projects/blob/main/examples/utilities/U%20-%20Webcam%20Grid/main.py;https://patchstorage.com/u-webcam-grid/
simple-lfo,S - Simple - LFO,missing,,,,unknown,mode,DudeTheDev,The Unlicense,permissive,200,728,6,patchstorage:s-simple-lfo-2,https://patchstorage.com/s-simple-lfo-2/
v-line-traveller-trails,S - V Line Traveller-Trails,missing,,,,unknown,mode,DudeTheDev,The Unlicense,permissive,200,768,6,patchstorage:s-v-line-traveller-trails-2,https://patchstorage.com/s-v-line-traveller-trails-2/
mirror-grid-inverse-trails,S - Mirror Grid Inverse-Trails,missing,,,,unknown,mode,DudeTheDev,The Unlicense,permissive,199,870,3,patchstorage:s-mirror-grid-inverse-trails-2,https://patchstorage.com/s-mirror-grid-inverse-trails-2/
color-clouds,Color Clouds,missing,,,,unknown,mode,Wiel,GNU General Public License v3.0,check,198,787,3,patchstorage:color-clouds,https://patchstorage.com/color-clouds/
z-flying-fish,Z - Flying Fish,missing,,,,unknown,mode,DudeTheDev,The Unlicense,permissive,192,902,5,patchstorage:z-flying-fish,https://patchstorage.com/z-flying-fish/
m-midi-grid-circles-jb,M - midi grid circles JB,missing,,,,unknown,mode,james_bragg,The Unlicense,permissive,190,794,8,patchstorage:m-midi-grid-circles-jb,https://patchstorage.com/m-midi-grid-circles-jb/
audio-printer,S - Audio Printer,missing,,,,unknown;v3-pygame,mode,Arimuri;Critter & Guitari;CritterandGuitari;jeromedagustin,"BSD 3-Clause ""New"" or ""Revised"" License;BSD-2-Clause;NOASSERTION",check;permissive,188,1084,4,community:Arimuri/SHRTY/S - Audio Printer;community:jeromedagustin/eyesy_projects/S - Audio Printer;github-stock:EYESY_Modes_OSv3/S - Audio Printer;patchstorage:s-audio-printer,https://github.com/Arimuri/SHRTY/blob/main/data/Modes/S%20-%20Audio%20Printer/main.py;https://github.com/critterandguitari/EYESY_Modes_OSv3/blob/main/S%20-%20Audio%20Printer/main.py;https://github.com/jeromedagustin/eyesy_projects/blob/main/examples/scopes/S%20-%20Audio%20Printer/main.py;https://patchstorage.com/s-audio-printer/
gradient-vortex,S - Gradient Vortex,missing,,,,unknown,mode,DudeTheDev,The Unlicense,permissive,183,651,5,patchstorage:s-gradient-vortex-2,https://patchstorage.com/s-gradient-vortex-2/
rotation-grid-trails,T - Rotation Grid-Trails,missing,,,,unknown,mode,DudeTheDev,Academic Free License v3.0,check,182,878,1,patchstorage:t-rotation-grid-trails-2,https://patchstorage.com/t-rotation-grid-trails-2/
h-line-traveller-trails,S - H Line Traveller-Trails,missing,,,,unknown,mode,DudeTheDev,The Unlicense,permissive,181,639,4,patchstorage:s-h-line-traveller-trails-2,https://patchstorage.com/s-h-line-traveller-trails-2/
horizontal-cave,S - Horizontal Cave,missing,,,,unknown,mode,DudeTheDev,The Unlicense,permissive,179,649,3,patchstorage:s-horizontal-cave-2,https://patchstorage.com/s-horizontal-cave-2/
tall-towers-trails,S - Tall Towers-Trails,missing,,,,unknown,mode,DudeTheDev,The Unlicense,permissive,178,762,2,patchstorage:s-tall-towers-trails-2,https://patchstorage.com/s-tall-towers-trails-2/
classic-horizontal-image-single-cycle,S - Classic Horizontal + Image Single Cycle,missing,,,,unknown,mode,DudeTheDev,The Unlicense,permissive,176,716,4,patchstorage:s-classic-horizontal-image-single-cycle-2,https://patchstorage.com/s-classic-horizontal-image-single-cycle-2/
arcway-black,S - Arcway Black,missing,,,,unknown;v3-pygame,mode,Arimuri;Critter & Guitari;CritterandGuitari;jeromedagustin,"BSD 3-Clause ""New"" or ""Revised"" License;BSD-2-Clause;NOASSERTION",check;permissive,175,867,2,community:Arimuri/SHRTY/S - Arcway Black;community:jeromedagustin/eyesy_projects/S - Arcway Black;github-stock:EYESY_Modes_OSv3/S - Arcway Black;patchstorage:s-arcway-black,https://github.com/Arimuri/SHRTY/blob/main/data/Modes/S%20-%20Arcway%20Black/main.py;https://github.com/critterandguitari/EYESY_Modes_OSv3/blob/main/S%20-%20Arcway%20Black/main.py;https://github.com/jeromedagustin/eyesy_projects/blob/main/examples/scopes/S%20-%20Arcway%20Black/main.py;https://patchstorage.com/s-arcway-black/
bom-screensaver,S - BoM Screensaver,missing,,,,unknown,mode,DudeTheDev,The Unlicense,permissive,175,687,5,patchstorage:s-bom-screensaver,https://patchstorage.com/s-bom-screensaver/
rough-fine-vert-lfo,S - Rough Fine Vert - LFO,missing,,,,unknown,mode,DudeTheDev,The Unlicense,permissive,174,680,2,patchstorage:s-rough-fine-vert-lfo-2,https://patchstorage.com/s-rough-fine-vert-lfo-2/
grid-random-polygons-filled,S - Grid Random Polygons - Filled,missing,,,,unknown,mode,DudeTheDev,The Unlicense,permissive,173,729,3,patchstorage:s-grid-random-polygons-filled,https://patchstorage.com/s-grid-random-polygons-filled/
horizontal-trails,S - Horizontal + Trails,missing,,,,unknown;v3-pygame,mode,Arimuri;Critter & Guitari;CritterandGuitari;jeromedagustin,"BSD 3-Clause ""New"" or ""Revised"" License;BSD-2-Clause;NOASSERTION",check;permissive,173,786,3,community:Arimuri/SHRTY/S - Horizontal + Trails;community:jeromedagustin/eyesy_projects/S - Horizontal + Trails;github-stock:EYESY_Modes_OSv3/S - Horizontal + Trails;patchstorage:s-horizontal-trails,https://github.com/Arimuri/SHRTY/blob/main/data/Modes/S%20-%20Horizontal%20%2B%20Trails/main.py;https://github.com/critterandguitari/EYESY_Modes_OSv3/blob/main/S%20-%20Horizontal%20%2B%20Trails/main.py;https://github.com/jeromedagustin/eyesy_projects/blob/main/examples/scopes/S%20-%20Horizontal%20%2B%20Trails/main.py;https://patchstorage.com/s-horizontal-trails/
sound-jaws-ag-trails,S - Sound Jaws-AG-Trails,missing,,,,unknown,mode,DudeTheDev,The Unlicense,permissive,173,676,3,patchstorage:s-sound-jaws-ag-trails-2,https://patchstorage.com/s-sound-jaws-ag-trails-2/
image-shadow-grid,T - Image Shadow Grid,missing,,,,unknown,mode,DudeTheDev,Academic Free License v3.0,check,170,1006,1,patchstorage:t-image-shadow-grid-3,https://patchstorage.com/t-image-shadow-grid-3/
arcway,S - Arcway,missing,,,,unknown;v3-pygame,mode,Arimuri;Critter & Guitari;CritterandGuitari;jeromedagustin,"BSD 3-Clause ""New"" or ""Revised"" License;BSD-2-Clause;NOASSERTION",check;permissive,168,855,4,community:Arimuri/SHRTY/S - Arcway;community:jeromedagustin/eyesy_projects/S - Arcway;github-stock:EYESY_Modes_OSv3/S - Arcway;patchstorage:s-arcway,https://github.com/Arimuri/SHRTY/blob/main/data/Modes/S%20-%20Arcway/main.py;https://github.com/critterandguitari/EYESY_Modes_OSv3/blob/main/S%20-%20Arcway/main.py;https://github.com/jeromedagustin/eyesy_projects/blob/main/examples/scopes/S%20-%20Arcway/main.py;https://patchstorage.com/s-arcway/
lines-diagonal,S - Lines Diagonal,missing,,,,unknown,mode,DudeTheDev,The Unlicense,permissive,168,637,3,patchstorage:s-lines-diagonal,https://patchstorage.com/s-lines-diagonal/
triangle-rotate,T - Triangle Rotate,missing,,,,unknown,mode,DudeTheDev,Academic Free License v3.0,check,166,1016,2,patchstorage:t-triangle-rotate,https://patchstorage.com/t-triangle-rotate/
gradient-helix,S - Gradient Helix,missing,,,,unknown,mode,DudeTheDev,The Unlicense,permissive,164,675,4,patchstorage:s-gradient-helix-2,https://patchstorage.com/s-gradient-helix-2/
nested-ellipses-filled,S - Nested Ellipses - Filled,missing,,,,unknown;v3-pygame,mode,Arimuri;Critter & Guitari;CritterandGuitari;jeromedagustin,"BSD 3-Clause ""New"" or ""Revised"" License;BSD-2-Clause;NOASSERTION",check;permissive,163,637,2,community:Arimuri/SHRTY/S - Nested Ellipses - Filled;community:jeromedagustin/eyesy_projects/S - Nested Ellipses - Filled;github-stock:EYESY_Modes_OSv3/S - Nested Ellipses - Filled;patchstorage:s-nested-ellipses-filled,https://github.com/Arimuri/SHRTY/blob/main/data/Modes/S%20-%20Nested%20Ellipses%20-%20Filled/main.py;https://github.com/critterandguitari/EYESY_Modes_OSv3/blob/main/S%20-%20Nested%20Ellipses%20-%20Filled/main.py;https://github.com/jeromedagustin/eyesy_projects/blob/main/examples/scopes/S%20-%20Nested%20Ellipses%20-%20Filled/main.py;https://patchstorage.com/s-nested-ellipses-filled/
grid-polygons-zoom,S - Grid Polygons Zoom,missing,,,,unknown,mode,DudeTheDev,The Unlicense,permissive,162,672,3,patchstorage:s-grid-polygons-zoom,https://patchstorage.com/s-grid-polygons-zoom/
bezier-h-scope,S - Bezier H Scope,missing,,,,unknown;v3-pygame,mode,Arimuri;Critter & Guitari;CritterandGuitari;jeromedagustin,"BSD 3-Clause ""New"" or ""Revised"" License;BSD-2-Clause;NOASSERTION",check;permissive,160,761,2,community:Arimuri/SHRTY/S - Bezier H Scope;community:jeromedagustin/eyesy_projects/S - Bezier H Scope;github-stock:EYESY_Modes_OSv3/S - Bezier H Scope;patchstorage:s-bezier-h-scope,https://github.com/Arimuri/SHRTY/blob/main/data/Modes/S%20-%20Bezier%20H%20Scope/main.py;https://github.com/critterandguitari/EYESY_Modes_OSv3/blob/main/S%20-%20Bezier%20H%20Scope/main.py;https://github.com/jeromedagustin/eyesy_projects/blob/main/examples/scopes/S%20-%20Bezier%20H%20Scope/main.py;https://patchstorage.com/s-bezier-h-scope/
m-midi-octave-blocks-jb1,M - midi octave blocks JB1,missing,,,,unknown,mode,james_bragg,The Unlicense,permissive,160,519,6,patchstorage:m-midi-octave-blocks-jb1,https://patchstorage.com/m-midi-octave-circles-jb1/
marching-two-transparent-img,T - Marching Two Transparent - Img,missing,,,,unknown,mode,DudeTheDev,Academic Free License v3.0,check,159,803,2,patchstorage:t-marching-two-transparent-img-2,https://patchstorage.com/t-marching-two-transparent-img-2/
elite,S - Elite,missing,,,,unknown,mode,610,Creative Commons license family,check,157,821,6,patchstorage:s-elite,https://patchstorage.com/s-elite/
z-moverbox-masscollision,Z - MoverBox_MassCollision,missing,,,,unknown,mode,DudeTheDev,The Unlicense,permissive,155,986,5,patchstorage:z-moverbox_masscollision,https://patchstorage.com/z-moverbox_masscollision/
one-pixel-windows,S - One Pixel Windows,missing,,,,unknown,mode,DudeTheDev,The Unlicense,permissive,153,710,2,patchstorage:s-one-pixel-windows,https://patchstorage.com/s-one-pixel-windows/
fonts-grid,T - Fonts Grid,missing,,,,unknown,mode,DudeTheDev,Academic Free License v3.0,check,149,904,3,patchstorage:t-fonts-grid,https://patchstorage.com/t-fonts-grid/
hypnogrid,HypnoGrid,missing,,,,unknown,mode,Turbulent Resonant Colon,Creative Commons Zero v1.0 Universal,check,147,837,5,patchstorage:hypnogrid,https://patchstorage.com/hypnogrid/
amp-color,S - Amp Color,missing,,,,unknown;v3-pygame,mode,Arimuri;Critter & Guitari;CritterandGuitari;jeromedagustin,"BSD 3-Clause ""New"" or ""Revised"" License;BSD-2-Clause;NOASSERTION",check;permissive,146,902,3,community:Arimuri/SHRTY/S - Amp Color;community:jeromedagustin/eyesy_projects/S - Amp Color;github-stock:EYESY_Modes_OSv3/S - Amp Color;patchstorage:s-amp-color,https://github.com/Arimuri/SHRTY/blob/main/data/Modes/S%20-%20Amp%20Color/main.py;https://github.com/critterandguitari/EYESY_Modes_OSv3/blob/main/S%20-%20Amp%20Color/main.py;https://github.com/jeromedagustin/eyesy_projects/blob/main/examples/scopes/S%20-%20Amp%20Color/main.py;https://patchstorage.com/s-amp-color/
image-hexagon,T - Image + Hexagon,missing,,,,unknown,mode,DudeTheDev,Academic Free License v3.0,check,146,720,1,patchstorage:t-image-hexagon-2,https://patchstorage.com/t-image-hexagon-2/
star-scroll-matrix,Star Scroll Matrix,missing,,,,unknown,mode,gnosisosmosis,Do What The F*ck You Want To Public License,check,146,821,6,patchstorage:star-scroll-matrix,https://patchstorage.com/star-scroll-matrix/
bezier-v-scope,S - Bezier V Scope,missing,,,,unknown;v3-pygame,mode,Arimuri;Critter & Guitari;CritterandGuitari;jeromedagustin,"BSD 3-Clause ""New"" or ""Revised"" License;BSD-2-Clause;NOASSERTION",check;permissive,145,831,2,community:Arimuri/SHRTY/S - Bezier V Scope;community:jeromedagustin/eyesy_projects/S - Bezier V Scope;github-stock:EYESY_Modes_OSv3/S - Bezier V Scope;patchstorage:s-bezier-v-scope,https://github.com/Arimuri/SHRTY/blob/main/data/Modes/S%20-%20Bezier%20V%20Scope/main.py;https://github.com/critterandguitari/EYESY_Modes_OSv3/blob/main/S%20-%20Bezier%20V%20Scope/main.py;https://github.com/jeromedagustin/eyesy_projects/blob/main/examples/scopes/S%20-%20Bezier%20V%20Scope/main.py;https://patchstorage.com/s-bezier-v-scope/
analog-emulation,Analog Emulation,missing,,,,unknown,mode,kilgore,The Unlicense,permissive,143,676,5,patchstorage:analog-emulation,https://patchstorage.com/analog-emulation/
fa-zoom-pie-plates,T - FA_Zoom_Pie_Plates,missing,,,,unknown,mode,DudeTheDev,Academic Free License v3.0,check,141,687,1,patchstorage:t-fa_zoom_pie_plates,https://patchstorage.com/t-fa_zoom_pie_plates/
sequins,Sequins,missing,,,,unknown,mode,kilgore,The Unlicense,permissive,140,727,7,patchstorage:sequins,https://patchstorage.com/sequins/
tiles-filled,T - Tiles - Filled,missing,,,,unknown;v3-pygame,mode,Arimuri;Critter & Guitari;CritterandGuitari;jeromedagustin,"BSD 3-Clause ""New"" or ""Revised"" License;BSD-2-Clause;NOASSERTION",check;permissive,139,644,3,community:Arimuri/SHRTY/T - Tiles - Filled;community:jeromedagustin/eyesy_projects/T - Tiles - Filled;github-stock:EYESY_Modes_OSv3/T - Tiles - Filled;patchstorage:t-tiles-filled,https://github.com/Arimuri/SHRTY/blob/main/data/Modes/T%20-%20Tiles%20-%20Filled/main.py;https://github.com/critterandguitari/EYESY_Modes_OSv3/blob/main/T%20-%20Tiles%20-%20Filled/main.py;https://github.com/jeromedagustin/eyesy_projects/blob/main/examples/triggers/T%20-%20Tiles%20-%20Filled/main.py;https://patchstorage.com/t-tiles-filled/
woven-feedback,T - Woven Feedback,missing,,,,unknown;v3-pygame,mode,Arimuri;Critter & Guitari;CritterandGuitari;jeromedagustin,"BSD 3-Clause ""New"" or ""Revised"" License;BSD-2-Clause;NOASSERTION",check;permissive,135,652,6,community:Arimuri/SHRTY/T - Woven Feedback;community:jeromedagustin/eyesy_projects/T - Woven Feedback;github-stock:EYESY_Modes_OSv3/T - Woven Feedback;patchstorage:t-woven-feedback,https://github.com/Arimuri/SHRTY/blob/main/data/Modes/T%20-%20Woven%20Feedback/main.py;https://github.com/critterandguitari/EYESY_Modes_OSv3/blob/main/T%20-%20Woven%20Feedback/main.py;https://github.com/jeromedagustin/eyesy_projects/blob/main/examples/triggers/T%20-%20Woven%20Feedback/main.py;https://patchstorage.com/t-woven-feedback/
tempestuous,Tempestuous,missing,,,,unknown,mode,shots,The Unlicense,permissive,131,698,5,patchstorage:tempestuous,https://patchstorage.com/tempestuous/
darkstar,★ DarkStar,missing,,,,unknown,mode,Turbulent Resonant Colon,Custom License,check,127,731,3,patchstorage:★-darkstar,https://patchstorage.com/%e2%98%85-darkstar/
image-trip,Image Trip,missing,,,,unknown,mode,shots;stuart78,MIT License,permissive,127,703,6,community:stuart78/Eyesy-native/S-Image-Trip;patchstorage:image-trip,https://github.com/stuart78/Eyesy-native/blob/main/modes/S-Image-Trip/main.py;https://patchstorage.com/image-trip/
boids,S - Boids,missing,,,,unknown;v3-pygame,mode,Arimuri;Critter & Guitari;CritterandGuitari;jeromedagustin,"BSD 3-Clause ""New"" or ""Revised"" License;BSD-2-Clause;NOASSERTION",check;permissive,124,823,3,community:Arimuri/SHRTY/S - Boids;community:jeromedagustin/eyesy_projects/S - Boids;github-stock:EYESY_Modes_OSv3/S - Boids;patchstorage:s-boids,https://github.com/Arimuri/SHRTY/blob/main/data/Modes/S%20-%20Boids/main.py;https://github.com/critterandguitari/EYESY_Modes_OSv3/blob/main/S%20-%20Boids/main.py;https://github.com/jeromedagustin/eyesy_projects/blob/main/examples/scopes/S%20-%20Boids/main.py;https://patchstorage.com/s-boids/
mr-schwibabyyyy,S - Mr Schwibabyyyy,missing,,,,unknown,mode,caljup;cuppofruppo,Do What The F*ck You Want To Public License,check,124,927,3,community:caljup/eyesy-modes/S - Mr Schwibabyyyy;patchstorage:s-mr-schwibabyyyy,https://github.com/caljup/eyesy-modes/blob/main/eyesy-modes/S%20-%20Mr%20Schwibabyyyy/main.py;https://patchstorage.com/s-mr-schwibabyyyy/
o-abcircle-wheel,O - ABCircle_wheel,missing,,,,unknown,mode,Azotosome,Creative Commons Attribution 4.0,check,124,940,1,patchstorage:o-abcircle_wheel,https://patchstorage.com/o-abcircle_wheel/
v4p0r,V4P0R,missing,,,,unknown,mode,Turbulent Resonant Colon,Do What The F*ck You Want To Public License,check,124,599,1,patchstorage:v4p0r,https://patchstorage.com/v4p0r/
amp-color-circles,S - Amp Color - Circles,missing,,,,unknown;v3-pygame,mode,Arimuri;Critter & Guitari;CritterandGuitari;jeromedagustin,"BSD 3-Clause ""New"" or ""Revised"" License;BSD-2-Clause;NOASSERTION",check;permissive,122,625,4,community:Arimuri/SHRTY/S - Amp Color - Circles;community:jeromedagustin/eyesy_projects/S - Amp Color - Circles;github-stock:EYESY_Modes_OSv3/S - Amp Color - Circles;patchstorage:s-amp-color-circles,https://github.com/Arimuri/SHRTY/blob/main/data/Modes/S%20-%20Amp%20Color%20-%20Circles/main.py;https://github.com/critterandguitari/EYESY_Modes_OSv3/blob/main/S%20-%20Amp%20Color%20-%20Circles/main.py;https://github.com/jeromedagustin/eyesy_projects/blob/main/examples/scopes/S%20-%20Amp%20Color%20-%20Circles/main.py;https://patchstorage.com/s-amp-color-circles/
metablobs,MetaBlobs,missing,,,,unknown,mode,Turbulent Resonant Colon,Creative Commons Zero v1.0 Universal,check,119,673,2,patchstorage:metablobs,https://patchstorage.com/metablobs/
string-vibrations,String Vibrations,missing,,,,unknown,mode,shots,Creative Commons Attribution 4.0,check,119,656,5,patchstorage:string-vibrations,https://patchstorage.com/string-vibrations/
cubicles-3d-audio-responsive-cubes,Cubicles (3D Audio Responsive Cubes),missing,,,,unknown,mode,shots,The Unlicense,permissive,117,770,7,patchstorage:cubicles-3d-audio-responsive-cubes,https://patchstorage.com/3d-audio-responsive-cubes/
midi-grid,T - MIDI GRID,missing,,,,unknown;v3-pygame,mode,Arimuri;Critter & Guitari;CritterandGuitari;jeromedagustin,"BSD 3-Clause ""New"" or ""Revised"" License;BSD-2-Clause;NOASSERTION",check;permissive,117,959,3,community:Arimuri/SHRTY/T - MIDI Grid;community:jeromedagustin/eyesy_projects/T - MIDI Grid;github-stock:EYESY_Modes_OSv3/T - MIDI Grid;patchstorage:t-midi-grid,https://github.com/Arimuri/SHRTY/blob/main/data/Modes/T%20-%20MIDI%20Grid/main.py;https://github.com/critterandguitari/EYESY_Modes_OSv3/blob/main/T%20-%20MIDI%20Grid/main.py;https://github.com/jeromedagustin/eyesy_projects/blob/main/examples/triggers/T%20-%20MIDI%20Grid/main.py;https://patchstorage.com/t-midi-grid/
folia-angles,S - Folia Angles,missing,,,,unknown;v3-pygame,mode,Arimuri;Critter & Guitari;CritterandGuitari;jeromedagustin,"BSD 3-Clause ""New"" or ""Revised"" License;BSD-2-Clause;NOASSERTION",check;permissive,115,734,2,community:Arimuri/SHRTY/S - Folia Angles;community:jeromedagustin/eyesy_projects/S - Folia Angles;github-stock:EYESY_Modes_OSv3/S - Folia Angles;patchstorage:s-folia-angles,https://github.com/Arimuri/SHRTY/blob/main/data/Modes/S%20-%20Folia%20Angles/main.py;https://github.com/critterandguitari/EYESY_Modes_OSv3/blob/main/S%20-%20Folia%20Angles/main.py;https://github.com/jeromedagustin/eyesy_projects/blob/main/examples/scopes/S%20-%20Folia%20Angles/main.py;https://patchstorage.com/s-folia-angles/
mess-a-sketch,S - Mess A Sketch,missing,,,,unknown,mode,caljup;cuppofruppo;jeromedagustin,Do What The F*ck You Want To Public License,check,114,1065,0,community:caljup/eyesy-modes/S - Mess A Sketch;community:jeromedagustin/eyesy_projects/S - Mess A Sketch;patchstorage:s-mess-a-sketch,https://github.com/caljup/eyesy-modes/blob/main/eyesy-modes/S%20-%20Mess%20A%20Sketch/main.py;https://github.com/jeromedagustin/eyesy_projects/blob/main/examples/scopes/S%20-%20Mess%20A%20Sketch/main.py;https://patchstorage.com/s-mess-a-sketch/
amp-color-5gon-outlines,S - Amp Color - 5gon Outlines,missing,,,,unknown;v3-pygame,mode,Arimuri;Critter & Guitari;CritterandGuitari;jeromedagustin,"BSD 3-Clause ""New"" or ""Revised"" License;BSD-2-Clause;NOASSERTION",check;permissive,110,663,2,community:Arimuri/SHRTY/S - Amp Color - 5gon Outlines;community:jeromedagustin/eyesy_projects/S - Amp Color - 5gon Outlines;github-stock:EYESY_Modes_OSv3/S - Amp Color - 5gon Outlines;patchstorage:s-amp-color-5gon-outlines,https://github.com/Arimuri/SHRTY/blob/main/data/Modes/S%20-%20Amp%20Color%20-%205gon%20Outlines/main.py;https://github.com/critterandguitari/EYESY_Modes_OSv3/blob/main/S%20-%20Amp%20Color%20-%205gon%20Outlines/main.py;https://github.com/jeromedagustin/eyesy_projects/blob/main/examples/scopes/S%20-%20Amp%20Color%20-%205gon%20Outlines/main.py;https://patchstorage.com/s-amp-color-5gon-outlines/
fireflies,Fireflies,missing,,,,unknown,mode,kilgore,The Unlicense,permissive,110,700,2,patchstorage:fireflies,https://patchstorage.com/fireflies/
nested-ellipses-outlines,S - Nested Ellipses - Outlines,missing,,,,unknown;v3-pygame,mode,Arimuri;Critter & Guitari;CritterandGuitari;jeromedagustin,"BSD 3-Clause ""New"" or ""Revised"" License;BSD-2-Clause;NOASSERTION",check;permissive,109,603,1,community:Arimuri/SHRTY/S - Nested Ellipses - Outlines;community:jeromedagustin/eyesy_projects/S - Nested Ellipses - Outlines;github-stock:EYESY_Modes_OSv3/S - Nested Ellipses - Outlines;patchstorage:s-nested-ellipses-outlines,https://github.com/Arimuri/SHRTY/blob/main/data/Modes/S%20-%20Nested%20Ellipses%20-%20Outlines/main.py;https://github.com/critterandguitari/EYESY_Modes_OSv3/blob/main/S%20-%20Nested%20Ellipses%20-%20Outlines/main.py;https://github.com/jeromedagustin/eyesy_projects/blob/main/examples/scopes/S%20-%20Nested%20Ellipses%20-%20Outlines/main.py;https://patchstorage.com/s-nested-ellipses-outlines/
midi-note-printer,T - MIDI Note Printer,missing,,,,unknown;v3-pygame,mode,Arimuri;Critter & Guitari;CritterandGuitari;jeromedagustin,"BSD 3-Clause ""New"" or ""Revised"" License;BSD-2-Clause;NOASSERTION",check;permissive,108,645,1,community:Arimuri/SHRTY/T - MIDI Note Printer;community:jeromedagustin/eyesy_projects/T - MIDI Note Printer;github-stock:EYESY_Modes_OSv3/T - MIDI Note Printer;patchstorage:t-midi-note-printer,https://github.com/Arimuri/SHRTY/blob/main/data/Modes/T%20-%20MIDI%20Note%20Printer/main.py;https://github.com/critterandguitari/EYESY_Modes_OSv3/blob/main/T%20-%20MIDI%20Note%20Printer/main.py;https://github.com/jeromedagustin/eyesy_projects/blob/main/examples/triggers/T%20-%20MIDI%20Note%20Printer/main.py;https://patchstorage.com/t-midi-note-printer/
amp-color-rectangles,S - Amp Color - Rectangles,missing,,,,unknown;v3-pygame,mode,Arimuri;Critter & Guitari;CritterandGuitari;jeromedagustin,"BSD 3-Clause ""New"" or ""Revised"" License;BSD-2-Clause;NOASSERTION",check;permissive,105,725,2,community:Arimuri/SHRTY/S - Amp Color - Rectangles;community:jeromedagustin/eyesy_projects/S - Amp Color - Rectangles;github-stock:EYESY_Modes_OSv3/S - Amp Color - Rectangles;patchstorage:s-amp-color-rectangles,https://github.com/Arimuri/SHRTY/blob/main/data/Modes/S%20-%20Amp%20Color%20-%20Rectangles/main.py;https://github.com/critterandguitari/EYESY_Modes_OSv3/blob/main/S%20-%20Amp%20Color%20-%20Rectangles/main.py;https://github.com/jeromedagustin/eyesy_projects/blob/main/examples/scopes/S%20-%20Amp%20Color%20-%20Rectangles/main.py;https://patchstorage.com/s-amp-color-rectangles/
folia-curves,S - Folia Curves,missing,,,,unknown;v3-pygame,mode,Arimuri;Critter & Guitari;CritterandGuitari;jeromedagustin,"BSD 3-Clause ""New"" or ""Revised"" License;BSD-2-Clause;NOASSERTION",check;permissive,105,788,0,community:Arimuri/SHRTY/S - Folia Curves;community:jeromedagustin/eyesy_projects/S - Folia Curves;github-stock:EYESY_Modes_OSv3/S - Folia Curves;patchstorage:s-folia-curves,https://github.com/Arimuri/SHRTY/blob/main/data/Modes/S%20-%20Folia%20Curves/main.py;https://github.com/critterandguitari/EYESY_Modes_OSv3/blob/main/S%20-%20Folia%20Curves/main.py;https://github.com/jeromedagustin/eyesy_projects/blob/main/examples/scopes/S%20-%20Folia%20Curves/main.py;https://patchstorage.com/s-folia-curves/
recaman-and-roll,Recaman And Roll,missing,,,,unknown,mode,Turbulent Resonant Colon,Do What The F*ck You Want To Public License,check,105,569,2,patchstorage:recaman-and-roll,https://patchstorage.com/recaman-and-roll/
spanish-flash-cards,T- Spanish Flash Cards,missing,,,,unknown,mode,DudeTheDev,Academic Free License v3.0,check,104,856,1,patchstorage:t-spanish-flash-cards,https://patchstorage.com/t-spanish-flash-cards/
amp-color-5gon-filled,S - Amp Color - 5gon Filled,missing,,,,unknown;v3-pygame,mode,Arimuri;Critter & Guitari;CritterandGuitari;jeromedagustin,"BSD 3-Clause ""New"" or ""Revised"" License;BSD-2-Clause;NOASSERTION",check;permissive,103,612,3,community:Arimuri/SHRTY/S - Amp Color - 5gon Filled;community:jeromedagustin/eyesy_projects/S - Amp Color - 5gon Filled;github-stock:EYESY_Modes_OSv3/S - Amp Color - 5gon Filled;patchstorage:s-amp-color-5gon-filled,https://github.com/Arimuri/SHRTY/blob/main/data/Modes/S%20-%20Amp%20Color%20-%205gon%20Filled/main.py;https://github.com/critterandguitari/EYESY_Modes_OSv3/blob/main/S%20-%20Amp%20Color%20-%205gon%20Filled/main.py;https://github.com/jeromedagustin/eyesy_projects/blob/main/examples/scopes/S%20-%20Amp%20Color%20-%205gon%20Filled/main.py;https://patchstorage.com/s-amp-color-5gon-filled/
beat-bat,S - Beat Bat,missing,,,,unknown,mode,caljup;cuppofruppo,Creative Commons Zero v1.0 Universal,check,100,1326,3,community:caljup/eyesy-modes/S - Beat Bat;patchstorage:s-beat-bat,https://github.com/caljup/eyesy-modes/blob/main/eyesy-modes/S%20-%20Beat%20Bat/main.py;https://patchstorage.com/s-beat-bat/
tri-tri-tri,T - Tri Tri Tri,missing,,,,unknown,mode,caljup;cuppofruppo,Do What The F*ck You Want To Public License,check,98,517,2,community:caljup/eyesy-modes/T - Tri Tri Tri;patchstorage:t-tri-tri-tri,https://github.com/caljup/eyesy-modes/blob/main/eyesy-modes/T%20-%20Tri%20Tri%20Tri/main.py;https://patchstorage.com/t-tri-tri-tri/
eyesy-doom,Eyesy DooM,missing,,,,unknown,mode,Turbulent Resonant Colon,Creative Commons Zero v1.0 Universal,check,96,620,1,patchstorage:eyesy-doom,https://patchstorage.com/eyesy-doom/
fireworks,Fireworks,missing,,,,unknown,mode,Tele__visioneS,Creative Commons license family,check,94,562,2,patchstorage:fireworks,https://patchstorage.com/fireworks/
squagels,SQUAGELS,missing,,,,unknown,mode,Turbulent Resonant Colon,Creative Commons license family,check,92,674,1,patchstorage:squagels,https://patchstorage.com/squagels/
truchet-pulse,Truchet Pulse,missing,,,,unknown,mode,Turbulent Resonant Colon,Do What The F*ck You Want To Public License,check,92,591,1,patchstorage:truchet-pulse,https://patchstorage.com/truchet-pulse/
happy-flowers,Happy Flowers,missing,,,,unknown,mode,Turbulent Resonant Colon,Do What The F*ck You Want To Public License,check,91,570,3,patchstorage:happy-flowers,https://patchstorage.com/happy-flowers/
new-flash-cards,T - New Flash Cards,missing,,,,unknown,mode,DudeTheDev,Academic Free License v3.0,check,90,769,1,patchstorage:t-new-flash-cards,https://patchstorage.com/t-new-flash-cards/
triple-scope-low-mid-high,Triple Scope (Low/Mid/High),missing,,,,unknown,mode,kilgore,The Unlicense,permissive,90,709,4,patchstorage:triple-scope-low-mid-high,https://patchstorage.com/triple-scope-low-mid-high/
interplanetary-combat,🛸Interplanetary Combat🛸,missing,,,,unknown,mode,Turbulent Resonant Colon,Creative Commons Zero v1.0 Universal,check,89,800,3,patchstorage:🛸interplanetary-combat🛸,https://patchstorage.com/%f0%9f%9b%b8interplanetary-combat%f0%9f%9b%b8/
virtual-adn,Virtual ADN,missing,,,,unknown,mode,Tele__visioneS,Creative Commons license family,check,85,487,4,patchstorage:virtual-adn,https://patchstorage.com/virtual-adn/
retrororschach,RetroRorschach,missing,,,,unknown,mode,Turbulent Resonant Colon,Do What The F*ck You Want To Public License,check,82,395,0,patchstorage:retrororschach,https://patchstorage.com/retrororschach/
barbounce,BarBounce,missing,,,,unknown,mode,Turbulent Resonant Colon,Do What The F*ck You Want To Public License,check,81,520,1,patchstorage:barbounce,https://patchstorage.com/barbounce/
chemtrails-airshow,ChemTrails® (&amp; AirShow!),missing,,,,unknown,mode,Turbulent Resonant Colon,Do What The F*ck You Want To Public License,check,81,736,1,patchstorage:chemtrails-airshow,https://patchstorage.com/chemtrails/
dungeondrunkard,DungeonDrunkard,missing,,,,unknown,mode,Turbulent Resonant Colon,Creative Commons Attribution 4.0,check,78,726,2,patchstorage:dungeondrunkard,https://patchstorage.com/dungeondrunkard/
barnsley-fern,T - Barnsley Fern,missing,,,,unknown;v2-pygame;v3-pygame,mode,Martin Defatte;guerrilladigital,"BSD 2-Clause ""Simplified"" License;BSD 2-Clause (see LICENSE in project root)",copyleft;permissive,74,364,2,patchstorage:t-barnsley-fern;patchstorage:t-barnsley-fern-2;pysey:modes/V2/T - Barnsley Fern;pysey:modes/V3/T - Barnsley Fern,https://github.com/martindefatte/pysey/blob/master/modes/V2/T%20-%20Barnsley%20Fern/main.py;https://github.com/martindefatte/pysey/blob/master/modes/V3/T%20-%20Barnsley%20Fern/main.py;https://patchstorage.com/t-barnsley-fern-2/;https://patchstorage.com/t-barnsley-fern/
left-right-scopes,Left &amp; Right Scopes,missing,,,,unknown,mode,CritterandGuitari;jeromedagustin,"BSD 3-Clause ""New"" or ""Revised"" License",permissive,73,698,0,community:jeromedagustin/eyesy_projects/S - Left & Right Scopes;patchstorage:left-right-scopes,https://github.com/jeromedagustin/eyesy_projects/blob/main/examples/scopes/S%20-%20Left%20%26%20Right%20Scopes/main.py;https://patchstorage.com/left-right-scopes/
timer,U - Timer,missing,,,,unknown;v3-pygame,mode,Arimuri;Critter & Guitari;CritterandGuitari;jeromedagustin,"BSD 3-Clause ""New"" or ""Revised"" License;BSD-2-Clause;NOASSERTION",check;permissive,72,715,1,community:Arimuri/SHRTY/U - Timer;community:jeromedagustin/eyesy_projects/U - Timer;github-stock:EYESY_Modes_OSv3/U - Timer;patchstorage:u-timer,https://github.com/Arimuri/SHRTY/blob/main/data/Modes/U%20-%20Timer/main.py;https://github.com/critterandguitari/EYESY_Modes_OSv3/blob/main/U%20-%20Timer/main.py;https://github.com/jeromedagustin/eyesy_projects/blob/main/examples/utilities/U%20-%20Timer/main.py;https://patchstorage.com/u-timer/
stereo-interference,S - Stereo Interference,missing,,,,unknown;v2-pygame;v3-pygame,mode,Martin Defatte;guerrilladigital,"BSD 2-Clause ""Simplified"" License;BSD 2-Clause (see LICENSE in project root)",copyleft;permissive,71,337,3,patchstorage:s-stereo-interference;patchstorage:s-stereo-interference-2;pysey:modes/V2/S - Stereo Interference;pysey:modes/V3/S - Stereo Interference,https://github.com/martindefatte/pysey/blob/master/modes/V2/S%20-%20Stereo%20Interference/main.py;https://github.com/martindefatte/pysey/blob/master/modes/V3/S%20-%20Stereo%20Interference/main.py;https://patchstorage.com/s-stereo-interference-2/;https://patchstorage.com/s-stereo-interference/
cymbal-cymatics,S - Cymbal Cymatics,missing,,,,unknown;v2-pygame;v3-pygame,mode,Martin Defatte;guerrilladigital,"BSD 2-Clause ""Simplified"" License;BSD 2-Clause (see LICENSE in project root)",copyleft;permissive,70,330,1,patchstorage:s-cymbal-cymatics;patchstorage:s-cymbal-cymatics-2;pysey:modes/V2/S - Cymbal Cymatics;pysey:modes/V3/S - Cymbal Cymatics,https://github.com/martindefatte/pysey/blob/master/modes/V2/S%20-%20Cymbal%20Cymatics/main.py;https://github.com/martindefatte/pysey/blob/master/modes/V3/S%20-%20Cymbal%20Cymatics/main.py;https://patchstorage.com/s-cymbal-cymatics-2/;https://patchstorage.com/s-cymbal-cymatics/
teleprompt,TelePrompt 🎬,missing,,,,unknown,mode,Turbulent Resonant Colon,Do What The F*ck You Want To Public License,check,69,526,1,patchstorage:teleprompt-🎬,https://patchstorage.com/teleprompt-%f0%9f%8e%ac/
colorthing,ColorThing,missing,,,,unknown,mode,Turbulent Resonant Colon,Do What The F*ck You Want To Public License,check,68,405,0,patchstorage:colorthing,https://patchstorage.com/colorthing/
kaleid-o-tron,Kaleid-O-Tron,missing,,,,unknown,mode,Turbulent Resonant Colon,Do What The F*ck You Want To Public License,check,68,407,0,patchstorage:kaleid-o-tron,https://patchstorage.com/kaleid-o-tron/
megasky,Megasky,missing,,,,unknown,mode,Tele__visioneS,Do What The F*ck You Want To Public License,check,68,588,1,patchstorage:megasky,https://patchstorage.com/megasky/
sassy-pong,T - Sassy Pong,missing,,,,v3-pygame,mode,Silicon_Carne,Do What The F*ck You Want To Public License,check,67,617,1,patchstorage:t-sassy-pong,https://patchstorage.com/sassy-pong/
cargo,🚢 CARGO,missing,,,,unknown,mode,Turbulent Resonant Colon,Creative Commons Zero v1.0 Universal,check,66,513,1,patchstorage:🚢-cargo,https://patchstorage.com/%f0%9f%9a%a2-cargo/
colorhearts,ColorHearts,missing,,,,unknown,mode,Turbulent Resonant Colon,Custom License,check,65,656,1,patchstorage:colorhearts,https://patchstorage.com/colorhearts/
c4moufl4g3,C4MOUFL4G3,missing,,,,unknown,mode,Turbulent Resonant Colon,Do What The F*ck You Want To Public License,check,64,444,1,patchstorage:c4moufl4g3,https://patchstorage.com/c4moufl4g3/
dual-attractor-garden,S - Dual Attractor Garden,missing,,,,unknown;v2-pygame;v3-pygame,mode,Martin Defatte;guerrilladigital,"BSD 2-Clause ""Simplified"" License;BSD 2-Clause (see LICENSE in project root)",copyleft;permissive,64,287,2,patchstorage:s-dual-attractor-garden;patchstorage:s-dual-attractor-garden-2;pysey:modes/V2/S - Dual Attractor Garden;pysey:modes/V3/S - Dual Attractor Garden,https://github.com/martindefatte/pysey/blob/master/modes/V2/S%20-%20Dual%20Attractor%20Garden/main.py;https://github.com/martindefatte/pysey/blob/master/modes/V3/S%20-%20Dual%20Attractor%20Garden/main.py;https://patchstorage.com/s-dual-attractor-garden-2/;https://patchstorage.com/s-dual-attractor-garden/
colorheartsdeluxe,ColorHeartsDeluxe,missing,,,,unknown,mode,Turbulent Resonant Colon,Custom License,check,61,642,1,patchstorage:colorheartsdeluxe,https://patchstorage.com/colorheartsdeluxe/
kraken,🐙KRAKEN🐙,missing,,,,unknown,mode,Turbulent Resonant Colon,Creative Commons Zero v1.0 Universal,check,61,584,2,patchstorage:🐙kraken🐙,https://patchstorage.com/%f0%9f%90%99kraken%f0%9f%90%99/
circle-grid,S - Circle Grid,missing,,,,unknown;v2-pygame;v3-pygame,mode,Martin Defatte;guerrilladigital,"BSD 2-Clause ""Simplified"" License;BSD 2-Clause (see LICENSE in project root)",copyleft;permissive,60,258,1,patchstorage:s-circle-grid;patchstorage:s-circle-grid-2;pysey:modes/V2/S - Circle Grid;pysey:modes/V3/S - Circle Grid,https://github.com/martindefatte/pysey/blob/master/modes/V2/S%20-%20Circle%20Grid/main.py;https://github.com/martindefatte/pysey/blob/master/modes/V3/S%20-%20Circle%20Grid/main.py;https://patchstorage.com/s-circle-grid-2/;https://patchstorage.com/s-circle-grid/
lissajous-weaver,S - Lissajous Weaver,missing,,,,unknown;v2-pygame;v3-pygame,mode,Martin Defatte;guerrilladigital,"BSD 2-Clause ""Simplified"" License;BSD 2-Clause (see LICENSE in project root)",copyleft;permissive,59,311,2,patchstorage:s-lissajous-weaver;patchstorage:s-lissajous-weaver-2;pysey:modes/V2/S - Lissajous Weaver;pysey:modes/V3/S - Lissajous Weaver,https://github.com/martindefatte/pysey/blob/master/modes/V2/S%20-%20Lissajous%20Weaver/main.py;https://github.com/martindefatte/pysey/blob/master/modes/V3/S%20-%20Lissajous%20Weaver/main.py;https://patchstorage.com/s-lissajous-weaver-2/;https://patchstorage.com/s-lissajous-weaver/
audiospiralscope,AudioSpiralScope,missing,,,,unknown,mode,Turbulent Resonant Colon,Do What The F*ck You Want To Public License,check,58,430,0,patchstorage:audiospiralscope,https://patchstorage.com/audiospiralscope/
oscilloflow,OscilloFlow,missing,,,,unknown,mode,Turbulent Resonant Colon,Do What The F*ck You Want To Public License,check,58,346,0,patchstorage:oscilloflow,https://patchstorage.com/oscilloflow/
audio-waveform,S - Audio Waveform,missing,,,,v2-pygame;v3-pygame,mode,Martin Defatte;guerrilladigital,"BSD 2-Clause ""Simplified"" License;BSD 2-Clause (see LICENSE in project root)",copyleft;permissive,57,271,2,patchstorage:s-audio-waveform;patchstorage:s-audio-waveform-2;pysey:modes/V2/S - Audio Waveform;pysey:modes/V3/S - Audio Waveform,https://github.com/martindefatte/pysey/blob/master/modes/V2/S%20-%20Audio%20Waveform/main.py;https://github.com/martindefatte/pysey/blob/master/modes/V3/S%20-%20Audio%20Waveform/main.py;https://patchstorage.com/s-audio-waveform-2/;https://patchstorage.com/s-audio-waveform/
𝟝-𝕎𝕠𝕣𝕕𝕤,𝟝 𝕎𝕠𝕣𝕕𝕤,missing,,,,unknown,mode,Turbulent Resonant Colon,Do What The F*ck You Want To Public License,check,57,479,0,patchstorage:𝟝-𝕎𝕠𝕣𝕕𝕤,https://patchstorage.com/%f0%9d%9f%9d-%f0%9d%95%8e%f0%9d%95%a0%f0%9d%95%a3%f0%9d%95%95%f0%9d%95%a4/
eyesy-chess,Eyesy Chess,missing,,,,unknown,mode,Turbulent Resonant Colon,Creative Commons Zero v1.0 Universal,check,55,515,0,patchstorage:eyesy-chess,https://patchstorage.com/eyesy-chess/
living-voronoi,T - Living Voronoi,missing,,,,unknown;v2-pygame;v3-pygame,mode,Martin Defatte;guerrilladigital,"BSD 2-Clause ""Simplified"" License;BSD 2-Clause (see LICENSE in project root)",copyleft;permissive,55,343,2,patchstorage:t-living-voronoi;patchstorage:t-living-voronoi-2;pysey:modes/V2/T - Living Voronoi;pysey:modes/V3/T - Living Voronoi,https://github.com/martindefatte/pysey/blob/master/modes/V2/T%20-%20Living%20Voronoi/main.py;https://github.com/martindefatte/pysey/blob/master/modes/V3/T%20-%20Living%20Voronoi/main.py;https://patchstorage.com/t-living-voronoi-2/;https://patchstorage.com/t-living-voronoi/
34syr34d3r,34SYR34D3R 📚,missing,,,,unknown,mode,Turbulent Resonant Colon,Artistic license 2.0,permissive,54,434,0,patchstorage:34syr34d3r-📚,https://patchstorage.com/34syr34d3r-%f0%9f%93%9a/
butterfleyesy,Butterfleyesy 🦋,missing,,,,unknown,mode,Turbulent Resonant Colon,Do What The F*ck You Want To Public License,check,54,336,0,patchstorage:butterfleyesy-🦋,https://patchstorage.com/butterfleyesy-%f0%9f%a6%8b/
facepark,facepark,missing,,,,unknown,mode,brokensmokes,Do What The F*ck You Want To Public License,check,53,462,1,patchstorage:facepark,https://patchstorage.com/facepark/
death-disco-dancefloor,Death Disco Dancefloor,missing,,,,unknown,mode,Turbulent Resonant Colon,Do What The F*ck You Want To Public License,check,48,388,0,patchstorage:death-disco-dancefloor,https://patchstorage.com/death-disco-dancefloor/
cubes-multiscene-visualizer,Cubes - Multiscene Visualizer,missing,,,,unknown,mode,OrdinaireX,Creative Commons Attribution 4.0,check,44,387,0,patchstorage:cubes-multiscene-visualizer,https://patchstorage.com/cubes-multiscene-visualizer/
randumbizer-lfo-sweep-o-tr,Randumbizer LFO SWEEP O+-TR,missing,,,,unknown;v2-pygame;v3-pygame,mode,Martin Defatte;guerrilladigital,"BSD 2-Clause (new code) / BSD 3-Clause (Randomizer base by Critter & Guitari);BSD 3-Clause ""New"" or ""Revised"" License",permissive,41,230,1,patchstorage:randumbizer-lfo-sweep-o-tr;patchstorage:randumbizer-lfo-sweep-o-tr-2;pysey:modes/V2/Randumbizer LFO SWEEP O+-TR;pysey:modes/V3/Randumbizer LFO SWEEP O+-TR,https://github.com/martindefatte/pysey/blob/master/modes/V2/Randumbizer%20LFO%20SWEEP%20O%2B-TR/main.py;https://github.com/martindefatte/pysey/blob/master/modes/V3/Randumbizer%20LFO%20SWEEP%20O%2B-TR/main.py;https://patchstorage.com/randumbizer-lfo-sweep-o-tr-2/;https://patchstorage.com/randumbizer-lfo-sweep-o-tr/
palestina-libre,Palestina Libre,missing,,,,unknown,mode,Tele__visioneS,Do What The F*ck You Want To Public License,check,40,459,5,patchstorage:palestina-libre,https://patchstorage.com/palestina-libre/
death-on-the-high-seas,DEATH on the HIGH SEAS ⚓,missing,,,,unknown,mode,Turbulent Resonant Colon,Creative Commons Attribution 4.0,check,39,439,0,patchstorage:death-on-the-high-seas-⚓,https://patchstorage.com/death-on-the-high-seas-%e2%9a%93/
w4rg4m35,☢️ w4rG4m35 🤯,missing,,,,unknown,mode,Turbulent Resonant Colon,Do What The F*ck You Want To Public License,check,38,676,0,patchstorage:☢️-w4rg4m35-🤯,https://patchstorage.com/%e2%98%a2%ef%b8%8f-w4rg4m35-%f0%9f%a4%af/
blitzkrieg-bop,Blitzkrieg Bop,missing,,,,unknown,mode,Turbulent Resonant Colon,Creative Commons Attribution 4.0,check,37,570,0,patchstorage:blitzkrieg-bop,https://patchstorage.com/blitzkrieg-bop/
randumbizer-vcr-o-tr,Randumbizer VCR O+-TR,missing,,,,unknown;v2-pygame;v3-pygame,mode,Martin Defatte;guerrilladigital,"BSD 2-Clause (new code) / BSD 3-Clause (Randomizer base by Critter & Guitari);BSD 3-Clause ""New"" or ""Revised"" License",permissive,37,255,1,patchstorage:randumbizer-vcr-o-tr;patchstorage:randumbizer-vcr-o-tr-2;pysey:modes/V2/Randumbizer VCR O+-TR;pysey:modes/V3/Randumbizer VCR O+-TR,https://github.com/martindefatte/pysey/blob/master/modes/V2/Randumbizer%20VCR%20O%2B-TR/main.py;https://github.com/martindefatte/pysey/blob/master/modes/V3/Randumbizer%20VCR%20O%2B-TR/main.py;https://patchstorage.com/randumbizer-vcr-o-tr-2/;https://patchstorage.com/randumbizer-vcr-o-tr/
batsignal,BatSignal,missing,,,,unknown,mode,Turbulent Resonant Colon,Do What The F*ck You Want To Public License,check,31,563,0,patchstorage:batsignal,https://patchstorage.com/batsignal/
eyesy-report-console,👁🔍 EYESY Report Console +,missing,,,,unknown,mode,Turbulent Resonant Colon,Do What The F*ck You Want To Public License,check,29,496,0,patchstorage:👁🔍-eyesy-report-console,https://patchstorage.com/%f0%9f%91%81%f0%9f%94%8d-eyesy-report-console/
bob-the-talking-head,Bob the talking head,missing,,,,unknown,mode,Motten,Academic Free License v3.0,check,22,359,0,patchstorage:bob-the-talking-head,https://patchstorage.com/bob-the-talking-head/
0-arrival-scope,S - 0 Arrival Scope,missing,,,,unknown;v3-pygame,mode,Arimuri;Critter & Guitari;jeromedagustin,BSD-2-Clause;NOASSERTION,check;permissive,,,,community:Arimuri/SHRTY/S - 0 Arrival Scope;community:jeromedagustin/eyesy_projects/S - 0 Arrival Scope;github-stock:EYESY_Modes_OSv3/S - 0 Arrival Scope,https://github.com/Arimuri/SHRTY/blob/main/data/Modes/S%20-%200%20Arrival%20Scope/main.py;https://github.com/critterandguitari/EYESY_Modes_OSv3/blob/main/S%20-%200%20Arrival%20Scope/main.py;https://github.com/jeromedagustin/eyesy_projects/blob/main/examples/scopes/S%20-%200%20Arrival%20Scope/main.py
aa-selector,S - AA Selector,missing,,,,unknown;v2-pygame;v3-pygame,mode,Arimuri;Critter & Guitari;hdesoyres;jeromedagustin;pmerienne,BSD-2-Clause;NOASSERTION,check;permissive,,,,community:Arimuri/SHRTY/S - AA Selector;community:hdesoyres/eyesy-modes/S - AA Selector;community:jeromedagustin/eyesy_projects/S - AA Selector;community:pmerienne/eyesy-modes/S - AA Selector;github-stock:EYESY_Modes_OSv3/S - AA Selector;github-stock:EYESY_Modes_Pygame/S - AA Selector,https://github.com/Arimuri/SHRTY/blob/main/data/Modes/S%20-%20AA%20Selector/main.py;https://github.com/critterandguitari/EYESY_Modes_OSv3/blob/main/S%20-%20AA%20Selector/main.py;https://github.com/critterandguitari/EYESY_Modes_Pygame/blob/master/S%20-%20AA%20Selector/main.py;https://github.com/hdesoyres/eyesy-modes/blob/master/Modes/Python/S%20-%20AA%20Selector/main.py;https://github.com/jeromedagustin/eyesy_projects/blob/main/examples/scopes/S%20-%20AA%20Selector/main.py;https://github.com/pmerienne/eyesy-modes/blob/main/Modes/Python/S%20-%20AA%20Selector/main.py
aquarium,S - Aquarium,missing,,,,unknown;v2-pygame;v3-pygame,mode,Arimuri;Critter & Guitari;hdesoyres;jeromedagustin;pmerienne,BSD-2-Clause;NOASSERTION,check;permissive,,,,community:Arimuri/SHRTY/S - Aquarium;community:hdesoyres/eyesy-modes/S - Aquarium;community:jeromedagustin/eyesy_projects/S - Aquarium;community:pmerienne/eyesy-modes/S - Aquarium;github-stock:EYESY_Modes_OSv3/S - Aquarium;github-stock:EYESY_Modes_Pygame/S - Aquarium,https://github.com/Arimuri/SHRTY/blob/main/data/Modes/S%20-%20Aquarium/main.py;https://github.com/critterandguitari/EYESY_Modes_OSv3/blob/main/S%20-%20Aquarium/main.py;https://github.com/critterandguitari/EYESY_Modes_Pygame/blob/master/S%20-%20Aquarium/main.py;https://github.com/hdesoyres/eyesy-modes/blob/master/Modes/Python/S%20-%20Aquarium/main.py;https://github.com/jeromedagustin/eyesy_projects/blob/main/examples/scopes/S%20-%20Aquarium/main.py;https://github.com/pmerienne/eyesy-modes/blob/main/Modes/Python/S%20-%20Aquarium/main.py
ball-of-mirrors,T - Ball of Mirrors,missing,,,,unknown;v2-pygame;v3-pygame,mode,Arimuri;Critter & Guitari;hdesoyres;jeromedagustin;pmerienne,BSD-2-Clause;NOASSERTION,check;permissive,,,,community:Arimuri/SHRTY/T - Ball of Mirrors;community:hdesoyres/eyesy-modes/T - Ball of Mirrors;community:jeromedagustin/eyesy_projects/T - Ball of Mirrors;community:pmerienne/eyesy-modes/T - Ball of Mirrors;github-stock:EYESY_Modes_OSv3/T - Ball of Mirrors;github-stock:EYESY_Modes_Pygame/T - Ball of Mirrors,https://github.com/Arimuri/SHRTY/blob/main/data/Modes/T%20-%20Ball%20of%20Mirrors/main.py;https://github.com/critterandguitari/EYESY_Modes_OSv3/blob/main/T%20-%20Ball%20of%20Mirrors/main.py;https://github.com/critterandguitari/EYESY_Modes_Pygame/blob/master/T%20-%20Ball%20of%20Mirrors/main.py;https://github.com/hdesoyres/eyesy-modes/blob/master/Modes/Python/T%20-%20Ball%20of%20Mirrors/main.py;https://github.com/jeromedagustin/eyesy_projects/blob/main/examples/triggers/T%20-%20Ball%20of%20Mirrors/main.py;https://github.com/pmerienne/eyesy-modes/blob/main/Modes/Python/T%20-%20Ball%20of%20Mirrors/main.py
ball-of-mirrors-trails,T - Ball of Mirrors - Trails,missing,,,,unknown;v3-pygame,mode,Arimuri;Critter & Guitari;jeromedagustin,BSD-2-Clause;NOASSERTION,check;permissive,,,,community:Arimuri/SHRTY/T - Ball of Mirrors - Trails;community:jeromedagustin/eyesy_projects/T - Ball of Mirrors - Trails;github-stock:EYESY_Modes_OSv3/T - Ball of Mirrors - Trails,https://github.com/Arimuri/SHRTY/blob/main/data/Modes/T%20-%20Ball%20of%20Mirrors%20-%20Trails/main.py;https://github.com/critterandguitari/EYESY_Modes_OSv3/blob/main/T%20-%20Ball%20of%20Mirrors%20-%20Trails/main.py;https://github.com/jeromedagustin/eyesy_projects/blob/main/examples/triggers/T%20-%20Ball%20of%20Mirrors%20-%20Trails/main.py
basic-image,T - Basic Image,missing,,,,unknown;v2-pygame;v3-pygame,mode,Arimuri;Critter & Guitari;hdesoyres;jeromedagustin;pmerienne,BSD-2-Clause;NOASSERTION,check;permissive,,,,community:Arimuri/SHRTY/T - Basic Image;community:hdesoyres/eyesy-modes/T - Basic Image;community:jeromedagustin/eyesy_projects/T - Basic Image;community:pmerienne/eyesy-modes/T - Basic Image;github-stock:EYESY_Modes_OSv3/T - Basic Image;github-stock:EYESY_Modes_Pygame/T - Basic Image,https://github.com/Arimuri/SHRTY/blob/main/data/Modes/T%20-%20Basic%20Image/main.py;https://github.com/critterandguitari/EYESY_Modes_OSv3/blob/main/T%20-%20Basic%20Image/main.py;https://github.com/critterandguitari/EYESY_Modes_Pygame/blob/master/T%20-%20Basic%20Image/main.py;https://github.com/hdesoyres/eyesy-modes/blob/master/Modes/Python/T%20-%20Basic%20Image/main.py;https://github.com/jeromedagustin/eyesy_projects/blob/main/examples/triggers/T%20-%20Basic%20Image/main.py;https://github.com/pmerienne/eyesy-modes/blob/main/Modes/Python/T%20-%20Basic%20Image/main.py
bezier-cousins-trails,T - Bezier Cousins - Trails,missing,,,,unknown;v2-pygame;v3-pygame,mode,Arimuri;Critter & Guitari;hdesoyres;jeromedagustin;pmerienne,BSD-2-Clause;NOASSERTION,check;permissive,,,,community:Arimuri/SHRTY/T - Bezier Cousins - Trails;community:hdesoyres/eyesy-modes/T - Bezier Cousins-Trails;community:jeromedagustin/eyesy_projects/T - Bezier Cousins - Trails;community:pmerienne/eyesy-modes/T - Bezier Cousins-Trails;github-stock:EYESY_Modes_OSv3/T - Bezier Cousins - Trails;github-stock:EYESY_Modes_Pygame/T - Bezier Cousins-Trails,https://github.com/Arimuri/SHRTY/blob/main/data/Modes/T%20-%20Bezier%20Cousins%20-%20Trails/main.py;https://github.com/critterandguitari/EYESY_Modes_OSv3/blob/main/T%20-%20Bezier%20Cousins%20-%20Trails/main.py;https://github.com/critterandguitari/EYESY_Modes_Pygame/blob/master/T%20-%20Bezier%20Cousins-Trails/main.py;https://github.com/hdesoyres/eyesy-modes/blob/master/Modes/Python/T%20-%20Bezier%20Cousins-Trails/main.py;https://github.com/jeromedagustin/eyesy_projects/blob/main/examples/triggers/T%20-%20Bezier%20Cousins%20-%20Trails/main.py;https://github.com/pmerienne/eyesy-modes/blob/main/Modes/Python/T%20-%20Bezier%20Cousins-Trails/main.py
bits-h-row-color,T - Bits H - Row Color,missing,,,,unknown;v3-pygame,mode,Arimuri;Critter & Guitari;jeromedagustin,BSD-2-Clause;NOASSERTION,check;permissive,,,,community:Arimuri/SHRTY/T - Bits H - Row Color;community:jeromedagustin/eyesy_projects/T - Bits H - Row Color;github-stock:EYESY_Modes_OSv3/T - Bits H - Row Color,https://github.com/Arimuri/SHRTY/blob/main/data/Modes/T%20-%20Bits%20H%20-%20Row%20Color/main.py;https://github.com/critterandguitari/EYESY_Modes_OSv3/blob/main/T%20-%20Bits%20H%20-%20Row%20Color/main.py;https://github.com/jeromedagustin/eyesy_projects/blob/main/examples/triggers/T%20-%20Bits%20H%20-%20Row%20Color/main.py
bits-h-uniform-color,T - Bits H - Uniform Color,missing,,,,unknown;v3-pygame,mode,Arimuri;Critter & Guitari;jeromedagustin,BSD-2-Clause;NOASSERTION,check;permissive,,,,community:Arimuri/SHRTY/T - Bits H - Uniform Color;community:jeromedagustin/eyesy_projects/T - Bits H - Uniform Color;github-stock:EYESY_Modes_OSv3/T - Bits H - Uniform Color,https://github.com/Arimuri/SHRTY/blob/main/data/Modes/T%20-%20Bits%20H%20-%20Uniform%20Color/main.py;https://github.com/critterandguitari/EYESY_Modes_OSv3/blob/main/T%20-%20Bits%20H%20-%20Uniform%20Color/main.py;https://github.com/jeromedagustin/eyesy_projects/blob/main/examples/triggers/T%20-%20Bits%20H%20-%20Uniform%20Color/main.py
bits-horizontal,S - Bits Horizontal,missing,,,,unknown;v2-pygame;v3-pygame,mode,Arimuri;Critter & Guitari;hdesoyres;jeromedagustin;pmerienne,BSD-2-Clause;NOASSERTION,check;permissive,,,,community:Arimuri/SHRTY/S - Bits Horizontal;community:hdesoyres/eyesy-modes/S - Bits Horizontal;community:jeromedagustin/eyesy_projects/S - Bits Horizontal;community:pmerienne/eyesy-modes/S - Bits Horizontal;github-stock:EYESY_Modes_OSv3/S - Bits Horizontal;github-stock:EYESY_Modes_Pygame/S - Bits Horizontal,https://github.com/Arimuri/SHRTY/blob/main/data/Modes/S%20-%20Bits%20Horizontal/main.py;https://github.com/critterandguitari/EYESY_Modes_OSv3/blob/main/S%20-%20Bits%20Horizontal/main.py;https://github.com/critterandguitari/EYESY_Modes_Pygame/blob/master/S%20-%20Bits%20Horizontal/main.py;https://github.com/hdesoyres/eyesy-modes/blob/master/Modes/Python/S%20-%20Bits%20Horizontal/main.py;https://github.com/jeromedagustin/eyesy_projects/blob/main/examples/scopes/S%20-%20Bits%20Horizontal/main.py;https://github.com/pmerienne/eyesy-modes/blob/main/Modes/Python/S%20-%20Bits%20Horizontal/main.py
bits-v-column-color,T - Bits V - Column Color,missing,,,,unknown;v3-pygame,mode,Arimuri;Critter & Guitari;jeromedagustin,BSD-2-Clause;NOASSERTION,check;permissive,,,,community:Arimuri/SHRTY/T - Bits V - Column Color;community:jeromedagustin/eyesy_projects/T - Bits V - Column Color;github-stock:EYESY_Modes_OSv3/T - Bits V - Column Color,https://github.com/Arimuri/SHRTY/blob/main/data/Modes/T%20-%20Bits%20V%20-%20Column%20Color/main.py;https://github.com/critterandguitari/EYESY_Modes_OSv3/blob/main/T%20-%20Bits%20V%20-%20Column%20Color/main.py;https://github.com/jeromedagustin/eyesy_projects/blob/main/examples/triggers/T%20-%20Bits%20V%20-%20Column%20Color/main.py
bits-v-uniform-color,T - Bits V - Uniform Color,missing,,,,unknown;v3-pygame,mode,Arimuri;Critter & Guitari;jeromedagustin,BSD-2-Clause;NOASSERTION,check;permissive,,,,community:Arimuri/SHRTY/T - Bits V - Uniform Color;community:jeromedagustin/eyesy_projects/T - Bits V - Uniform Color;github-stock:EYESY_Modes_OSv3/T - Bits V - Uniform Color,https://github.com/Arimuri/SHRTY/blob/main/data/Modes/T%20-%20Bits%20V%20-%20Uniform%20Color/main.py;https://github.com/critterandguitari/EYESY_Modes_OSv3/blob/main/T%20-%20Bits%20V%20-%20Uniform%20Color/main.py;https://github.com/jeromedagustin/eyesy_projects/blob/main/examples/triggers/T%20-%20Bits%20V%20-%20Uniform%20Color/main.py
bits-vertical,S - Bits Vertical,missing,,,,unknown;v2-pygame;v3-pygame,mode,Arimuri;Critter & Guitari;hdesoyres;jeromedagustin;pmerienne,BSD-2-Clause;NOASSERTION,check;permissive,,,,community:Arimuri/SHRTY/S - Bits Vertical;community:hdesoyres/eyesy-modes/S - Bits Vertical;community:jeromedagustin/eyesy_projects/S - Bits Vertical;community:pmerienne/eyesy-modes/S - Bits Vertical;github-stock:EYESY_Modes_OSv3/S - Bits Vertical;github-stock:EYESY_Modes_Pygame/S - Bits Vertical,https://github.com/Arimuri/SHRTY/blob/main/data/Modes/S%20-%20Bits%20Vertical/main.py;https://github.com/critterandguitari/EYESY_Modes_OSv3/blob/main/S%20-%20Bits%20Vertical/main.py;https://github.com/critterandguitari/EYESY_Modes_Pygame/blob/master/S%20-%20Bits%20Vertical/main.py;https://github.com/hdesoyres/eyesy-modes/blob/master/Modes/Python/S%20-%20Bits%20Vertical/main.py;https://github.com/jeromedagustin/eyesy_projects/blob/main/examples/scopes/S%20-%20Bits%20Vertical/main.py;https://github.com/pmerienne/eyesy-modes/blob/main/Modes/Python/S%20-%20Bits%20Vertical/main.py
breezy-feather-lfo,S - Breezy Feather LFO,missing,,,,unknown;v2-pygame;v3-pygame,mode,Arimuri;Critter & Guitari;hdesoyres;jeromedagustin;pmerienne,BSD-2-Clause;NOASSERTION,check;permissive,,,,community:Arimuri/SHRTY/S - Breezy Feather LFO;community:hdesoyres/eyesy-modes/S - Breezy Feather LFO;community:jeromedagustin/eyesy_projects/S - Breezy Feather LFO;community:pmerienne/eyesy-modes/S - Breezy Feather LFO;github-stock:EYESY_Modes_OSv3/S - Breezy Feather LFO;github-stock:EYESY_Modes_Pygame/S - Breezy Feather LFO,https://github.com/Arimuri/SHRTY/blob/main/data/Modes/S%20-%20Breezy%20Feather%20LFO/main.py;https://github.com/critterandguitari/EYESY_Modes_OSv3/blob/main/S%20-%20Breezy%20Feather%20LFO/main.py;https://github.com/critterandguitari/EYESY_Modes_Pygame/blob/master/S%20-%20Breezy%20Feather%20LFO/main.py;https://github.com/hdesoyres/eyesy-modes/blob/master/Modes/Python/S%20-%20Breezy%20Feather%20LFO/main.py;https://github.com/jeromedagustin/eyesy_projects/blob/main/examples/scopes/S%20-%20Breezy%20Feather%20LFO/main.py;https://github.com/pmerienne/eyesy-modes/blob/main/Modes/Python/S%20-%20Breezy%20Feather%20LFO/main.py
bwnotebook,BWNotebook,missing,,,,v1-of-lua,mode,bosgood,MIT,permissive,,,,community:bosgood/eyesy-modes/BWNotebook,https://github.com/bosgood/eyesy-modes/blob/main/modes/BWNotebook/main.lua
circle-row-lfo,S - Circle Row - LFO,missing,,,,unknown;v2-pygame;v3-pygame,mode,Arimuri;Critter & Guitari;hdesoyres;jeromedagustin;pmerienne,BSD-2-Clause;NOASSERTION,check;permissive,,,,community:Arimuri/SHRTY/S - Circle Row - LFO;community:hdesoyres/eyesy-modes/S - Circle Row - LFO;community:jeromedagustin/eyesy_projects/S - Circle Row - LFO;community:pmerienne/eyesy-modes/S - Circle Row - LFO;github-stock:EYESY_Modes_OSv3/S - Circle Row - LFO;github-stock:EYESY_Modes_Pygame/S - Circle Row - LFO,https://github.com/Arimuri/SHRTY/blob/main/data/Modes/S%20-%20Circle%20Row%20-%20LFO/main.py;https://github.com/critterandguitari/EYESY_Modes_OSv3/blob/main/S%20-%20Circle%20Row%20-%20LFO/main.py;https://github.com/critterandguitari/EYESY_Modes_Pygame/blob/master/S%20-%20Circle%20Row%20-%20LFO/main.py;https://github.com/hdesoyres/eyesy-modes/blob/master/Modes/Python/S%20-%20Circle%20Row%20-%20LFO/main.py;https://github.com/jeromedagustin/eyesy_projects/blob/main/examples/scopes/S%20-%20Circle%20Row%20-%20LFO/main.py;https://github.com/pmerienne/eyesy-modes/blob/main/Modes/Python/S%20-%20Circle%20Row%20-%20LFO/main.py
circle-scope,S - Circle Scope,missing,,,,unknown;v3-pygame,mode,Arimuri;Critter & Guitari;jeromedagustin,BSD-2-Clause;NOASSERTION,check;permissive,,,,community:Arimuri/SHRTY/S - Circle Scope;community:jeromedagustin/eyesy_projects/S - Circle Scope;github-stock:EYESY_Modes_OSv3/S - Circle Scope,https://github.com/Arimuri/SHRTY/blob/main/data/Modes/S%20-%20Circle%20Scope/main.py;https://github.com/critterandguitari/EYESY_Modes_OSv3/blob/main/S%20-%20Circle%20Scope/main.py;https://github.com/jeromedagustin/eyesy_projects/blob/main/examples/scopes/S%20-%20Circle%20Scope/main.py
circle-scope-image,S - Circle Scope - Image,missing,,,,unknown;v3-pygame,mode,Arimuri;Critter & Guitari;jeromedagustin,BSD-2-Clause;NOASSERTION,check;permissive,,,,community:Arimuri/SHRTY/S - Circle Scope - Image;community:jeromedagustin/eyesy_projects/S - Circle Scope - Image;github-stock:EYESY_Modes_OSv3/S - Circle Scope - Image,https://github.com/Arimuri/SHRTY/blob/main/data/Modes/S%20-%20Circle%20Scope%20-%20Image/main.py;https://github.com/critterandguitari/EYESY_Modes_OSv3/blob/main/S%20-%20Circle%20Scope%20-%20Image/main.py;https://github.com/jeromedagustin/eyesy_projects/blob/main/examples/scopes/S%20-%20Circle%20Scope%20-%20Image/main.py
circle-scope-opposite-colors,S - Circle Scope - Opposite Colors,missing,,,,unknown;v3-pygame,mode,Arimuri;Critter & Guitari;jeromedagustin,BSD-2-Clause;NOASSERTION,check;permissive,,,,community:Arimuri/SHRTY/S - Circle Scope - Opposite Colors;community:jeromedagustin/eyesy_projects/S - Circle Scope - Opposite Colors;github-stock:EYESY_Modes_OSv3/S - Circle Scope - Opposite Colors,https://github.com/Arimuri/SHRTY/blob/main/data/Modes/S%20-%20Circle%20Scope%20-%20Opposite%20Colors/main.py;https://github.com/critterandguitari/EYESY_Modes_OSv3/blob/main/S%20-%20Circle%20Scope%20-%20Opposite%20Colors/main.py;https://github.com/jeromedagustin/eyesy_projects/blob/main/examples/scopes/S%20-%20Circle%20Scope%20-%20Opposite%20Colors/main.py
circular-trigon-field,S - Circular Trigon Field,missing,,,,unknown;v2-pygame;v3-pygame,mode,Arimuri;Critter & Guitari;hdesoyres;jeromedagustin;pmerienne,BSD-2-Clause;NOASSERTION,check;permissive,,,,community:Arimuri/SHRTY/S - Circular Trigon Field;community:hdesoyres/eyesy-modes/S - Circular Trigon Field;community:jeromedagustin/eyesy_projects/S - Circular Trigon Field;community:pmerienne/eyesy-modes/S - Circular Trigon Field;github-stock:EYESY_Modes_OSv3/S - Circular Trigon Field;github-stock:EYESY_Modes_Pygame/S - Circular Trigon Field,https://github.com/Arimuri/SHRTY/blob/main/data/Modes/S%20-%20Circular%20Trigon%20Field/main.py;https://github.com/critterandguitari/EYESY_Modes_OSv3/blob/main/S%20-%20Circular%20Trigon%20Field/main.py;https://github.com/critterandguitari/EYESY_Modes_Pygame/blob/master/S%20-%20Circular%20Trigon%20Field/main.py;https://github.com/hdesoyres/eyesy-modes/blob/master/Modes/Python/S%20-%20Circular%20Trigon%20Field/main.py;https://github.com/jeromedagustin/eyesy_projects/blob/main/examples/scopes/S%20-%20Circular%20Trigon%20Field/main.py;https://github.com/pmerienne/eyesy-modes/blob/main/Modes/Python/S%20-%20Circular%20Trigon%20Field/main.py
classic-horizontal,S - Classic Horizontal,missing,,,,unknown;v2-pygame;v3-pygame,mode,Arimuri;Critter & Guitari;hdesoyres;jeromedagustin;pmerienne,BSD-2-Clause;NOASSERTION,check;permissive,,,,community:Arimuri/SHRTY/S - Classic Horizontal;community:hdesoyres/eyesy-modes/S - Classic Horizontal;community:jeromedagustin/eyesy_projects/S - Classic Horizontal;community:pmerienne/eyesy-modes/S - Classic Horizontal;github-stock:EYESY_Modes_OSv3/S - Classic Horizontal;github-stock:EYESY_Modes_Pygame/S - Classic Horizontal,https://github.com/Arimuri/SHRTY/blob/main/data/Modes/S%20-%20Classic%20Horizontal/main.py;https://github.com/critterandguitari/EYESY_Modes_OSv3/blob/main/S%20-%20Classic%20Horizontal/main.py;https://github.com/critterandguitari/EYESY_Modes_Pygame/blob/master/S%20-%20Classic%20Horizontal/main.py;https://github.com/hdesoyres/eyesy-modes/blob/master/Modes/Python/S%20-%20Classic%20Horizontal/main.py;https://github.com/jeromedagustin/eyesy_projects/blob/main/examples/scopes/S%20-%20Classic%20Horizontal/main.py;https://github.com/pmerienne/eyesy-modes/blob/main/Modes/Python/S%20-%20Classic%20Horizontal/main.py
classic-vertical,S - Classic Vertical,missing,,,,unknown;v2-pygame;v3-pygame,mode,Arimuri;Critter & Guitari;hdesoyres;jeromedagustin;pmerienne,BSD-2-Clause;NOASSERTION,check;permissive,,,,community:Arimuri/SHRTY/S - Classic Vertical;community:hdesoyres/eyesy-modes/S - Classic Vertical;community:jeromedagustin/eyesy_projects/S - Classic Vertical;community:pmerienne/eyesy-modes/S - Classic Vertical;github-stock:EYESY_Modes_OSv3/S - Classic Vertical;github-stock:EYESY_Modes_Pygame/S - Classic Vertical,https://github.com/Arimuri/SHRTY/blob/main/data/Modes/S%20-%20Classic%20Vertical/main.py;https://github.com/critterandguitari/EYESY_Modes_OSv3/blob/main/S%20-%20Classic%20Vertical/main.py;https://github.com/critterandguitari/EYESY_Modes_Pygame/blob/master/S%20-%20Classic%20Vertical/main.py;https://github.com/hdesoyres/eyesy-modes/blob/master/Modes/Python/S%20-%20Classic%20Vertical/main.py;https://github.com/jeromedagustin/eyesy_projects/blob/main/examples/scopes/S%20-%20Classic%20Vertical/main.py;https://github.com/pmerienne/eyesy-modes/blob/main/Modes/Python/S%20-%20Classic%20Vertical/main.py
dancing-circle-image,S - Dancing Circle - Image,missing,,,,unknown;v3-pygame,mode,Arimuri;Critter & Guitari;jeromedagustin,BSD-2-Clause;NOASSERTION,check;permissive,,,,community:Arimuri/SHRTY/S - Dancing Circle - Image;community:jeromedagustin/eyesy_projects/S - Dancing Circle - Image;github-stock:EYESY_Modes_OSv3/S - Dancing Circle - Image,https://github.com/Arimuri/SHRTY/blob/main/data/Modes/S%20-%20Dancing%20Circle%20-%20Image/main.py;https://github.com/critterandguitari/EYESY_Modes_OSv3/blob/main/S%20-%20Dancing%20Circle%20-%20Image/main.py;https://github.com/jeromedagustin/eyesy_projects/blob/main/examples/scopes/S%20-%20Dancing%20Circle%20-%20Image/main.py
density-units,T - Density Units,missing,,,,unknown;v3-pygame,mode,Arimuri;Critter & Guitari;jeromedagustin,BSD-2-Clause;NOASSERTION,check;permissive,,,,community:Arimuri/SHRTY/T - Density Units;community:jeromedagustin/eyesy_projects/T - Density Units;github-stock:EYESY_Modes_OSv3/T - Density Units,https://github.com/Arimuri/SHRTY/blob/main/data/Modes/T%20-%20Density%20Units/main.py;https://github.com/critterandguitari/EYESY_Modes_OSv3/blob/main/T%20-%20Density%20Units/main.py;https://github.com/jeromedagustin/eyesy_projects/blob/main/examples/triggers/T%20-%20Density%20Units/main.py
draws-hashmarks-angled-stepped-color,T - Draws Hashmarks - Angled Stepped Color,missing,,,,unknown;v3-pygame,mode,Arimuri;Critter & Guitari;jeromedagustin,BSD-2-Clause;NOASSERTION,check;permissive,,,,community:Arimuri/SHRTY/T - Draws Hashmarks - Angled Stepped Color;community:jeromedagustin/eyesy_projects/T - Draws Hashmarks - Angled Stepped Color;github-stock:EYESY_Modes_OSv3/T - Draws Hashmarks - Angled Stepped Color,https://github.com/Arimuri/SHRTY/blob/main/data/Modes/T%20-%20Draws%20Hashmarks%20-%20Angled%20Stepped%20Color/main.py;https://github.com/critterandguitari/EYESY_Modes_OSv3/blob/main/T%20-%20Draws%20Hashmarks%20-%20Angled%20Stepped%20Color/main.py;https://github.com/jeromedagustin/eyesy_projects/blob/main/examples/triggers/T%20-%20Draws%20Hashmarks%20-%20Angled%20Stepped%20Color/main.py
draws-hashmarks-angled-uniform-color,T - Draws Hashmarks - Angled Uniform Color,missing,,,,unknown;v3-pygame,mode,Arimuri;Critter & Guitari;jeromedagustin,BSD-2-Clause;NOASSERTION,check;permissive,,,,community:Arimuri/SHRTY/T - Draws Hashmarks - Angled Uniform Color;community:jeromedagustin/eyesy_projects/T - Draws Hashmarks - Angled Uniform Color;github-stock:EYESY_Modes_OSv3/T - Draws Hashmarks - Angled Uniform Color,https://github.com/Arimuri/SHRTY/blob/main/data/Modes/T%20-%20Draws%20Hashmarks%20-%20Angled%20Uniform%20Color/main.py;https://github.com/critterandguitari/EYESY_Modes_OSv3/blob/main/T%20-%20Draws%20Hashmarks%20-%20Angled%20Uniform%20Color/main.py;https://github.com/jeromedagustin/eyesy_projects/blob/main/examples/triggers/T%20-%20Draws%20Hashmarks%20-%20Angled%20Uniform%20Color/main.py
draws-hashmarks-stepped-color,T - Draws Hashmarks - Stepped Color,missing,,,,unknown;v3-pygame,mode,Arimuri;Critter & Guitari;jeromedagustin,BSD-2-Clause;NOASSERTION,check;permissive,,,,community:Arimuri/SHRTY/T - Draws Hashmarks - Stepped Color;community:jeromedagustin/eyesy_projects/T - Draws Hashmarks - Stepped Color;github-stock:EYESY_Modes_OSv3/T - Draws Hashmarks - Stepped Color,https://github.com/Arimuri/SHRTY/blob/main/data/Modes/T%20-%20Draws%20Hashmarks%20-%20Stepped%20Color/main.py;https://github.com/critterandguitari/EYESY_Modes_OSv3/blob/main/T%20-%20Draws%20Hashmarks%20-%20Stepped%20Color/main.py;https://github.com/jeromedagustin/eyesy_projects/blob/main/examples/triggers/T%20-%20Draws%20Hashmarks%20-%20Stepped%20Color/main.py
draws-hashmarks-uniform-color,T - Draws Hashmarks - Uniform Color,missing,,,,unknown;v3-pygame,mode,Arimuri;Critter & Guitari;jeromedagustin,BSD-2-Clause;NOASSERTION,check;permissive,,,,community:Arimuri/SHRTY/T - Draws Hashmarks - Uniform Color;community:jeromedagustin/eyesy_projects/T - Draws Hashmarks - Uniform Color;github-stock:EYESY_Modes_OSv3/T - Draws Hashmarks - Uniform Color,https://github.com/Arimuri/SHRTY/blob/main/data/Modes/T%20-%20Draws%20Hashmarks%20-%20Uniform%20Color/main.py;https://github.com/critterandguitari/EYESY_Modes_OSv3/blob/main/T%20-%20Draws%20Hashmarks%20-%20Uniform%20Color/main.py;https://github.com/jeromedagustin/eyesy_projects/blob/main/examples/triggers/T%20-%20Draws%20Hashmarks%20-%20Uniform%20Color/main.py
eyesy-test-env,eyesy-test-env,missing,,,,unknown,mode,Verbanderbog,MIT,permissive,,,,community:Verbanderbog/eyesy-test-env/eyesy-test-env,https://github.com/Verbanderbog/eyesy-test-env/blob/master/main.py
five-lines-spin,S - Five Lines Spin,missing,,,,unknown;v2-pygame;v3-pygame,mode,Arimuri;Critter & Guitari;hdesoyres;jeromedagustin;pmerienne,BSD-2-Clause;NOASSERTION,check;permissive,,,,community:Arimuri/SHRTY/S - Five Lines Spin;community:hdesoyres/eyesy-modes/S - Five Lines Spin;community:jeromedagustin/eyesy_projects/S - Five Lines Spin;community:pmerienne/eyesy-modes/S - Five Lines Spin;github-stock:EYESY_Modes_OSv3/S - Five Lines Spin;github-stock:EYESY_Modes_Pygame/S - Five Lines Spin,https://github.com/Arimuri/SHRTY/blob/main/data/Modes/S%20-%20Five%20Lines%20Spin/main.py;https://github.com/critterandguitari/EYESY_Modes_OSv3/blob/main/S%20-%20Five%20Lines%20Spin/main.py;https://github.com/critterandguitari/EYESY_Modes_Pygame/blob/master/S%20-%20Five%20Lines%20Spin/main.py;https://github.com/hdesoyres/eyesy-modes/blob/master/Modes/Python/S%20-%20Five%20Lines%20Spin/main.py;https://github.com/jeromedagustin/eyesy_projects/blob/main/examples/scopes/S%20-%20Five%20Lines%20Spin/main.py;https://github.com/pmerienne/eyesy-modes/blob/main/Modes/Python/S%20-%20Five%20Lines%20Spin/main.py
font-patterns,T - Font Patterns,missing,,,,unknown;v2-pygame;v3-pygame,mode,Arimuri;Critter & Guitari;hdesoyres;jeromedagustin;pmerienne,BSD-2-Clause;NOASSERTION,check;permissive,,,,community:Arimuri/SHRTY/T - Font Patterns;community:hdesoyres/eyesy-modes/T - Font Patterns;community:jeromedagustin/eyesy_projects/T - Font Patterns;community:pmerienne/eyesy-modes/T - Font Patterns;github-stock:EYESY_Modes_OSv3/T - Font Patterns;github-stock:EYESY_Modes_Pygame/T - Font Patterns,https://github.com/Arimuri/SHRTY/blob/main/data/Modes/T%20-%20Font%20Patterns/main.py;https://github.com/critterandguitari/EYESY_Modes_OSv3/blob/main/T%20-%20Font%20Patterns/main.py;https://github.com/critterandguitari/EYESY_Modes_Pygame/blob/master/T%20-%20Font%20Patterns/main.py;https://github.com/hdesoyres/eyesy-modes/blob/master/Modes/Python/T%20-%20Font%20Patterns/main.py;https://github.com/jeromedagustin/eyesy_projects/blob/main/examples/triggers/T%20-%20Font%20Patterns/main.py;https://github.com/pmerienne/eyesy-modes/blob/main/Modes/Python/T%20-%20Font%20Patterns/main.py
font-recedes,T - Font Recedes,missing,,,,unknown;v2-pygame;v3-pygame,mode,Arimuri;Critter & Guitari;hdesoyres;jeromedagustin;pmerienne,BSD-2-Clause;NOASSERTION,check;permissive,,,,community:Arimuri/SHRTY/T - Font Recedes;community:hdesoyres/eyesy-modes/T - Font Recedes;community:jeromedagustin/eyesy_projects/T - Font Recedes;community:pmerienne/eyesy-modes/T - Font Recedes;github-stock:EYESY_Modes_OSv3/T - Font Recedes;github-stock:EYESY_Modes_Pygame/T - Font Recedes,https://github.com/Arimuri/SHRTY/blob/main/data/Modes/T%20-%20Font%20Recedes/main.py;https://github.com/critterandguitari/EYESY_Modes_OSv3/blob/main/T%20-%20Font%20Recedes/main.py;https://github.com/critterandguitari/EYESY_Modes_Pygame/blob/master/T%20-%20Font%20Recedes/main.py;https://github.com/hdesoyres/eyesy-modes/blob/master/Modes/Python/T%20-%20Font%20Recedes/main.py;https://github.com/jeromedagustin/eyesy_projects/blob/main/examples/triggers/T%20-%20Font%20Recedes/main.py;https://github.com/pmerienne/eyesy-modes/blob/main/Modes/Python/T%20-%20Font%20Recedes/main.py
football-scope,S - Football Scope,missing,,,,unknown;v2-pygame;v3-pygame,mode,Arimuri;Critter & Guitari;hdesoyres;jeromedagustin;pmerienne,BSD-2-Clause;NOASSERTION,check;permissive,,,,community:Arimuri/SHRTY/S - Football Scope;community:hdesoyres/eyesy-modes/S - Football Scope;community:jeromedagustin/eyesy_projects/S - Football Scope;community:pmerienne/eyesy-modes/S - Football Scope;github-stock:EYESY_Modes_OSv3/S - Football Scope;github-stock:EYESY_Modes_Pygame/S - Football Scope,https://github.com/Arimuri/SHRTY/blob/main/data/Modes/S%20-%20Football%20Scope/main.py;https://github.com/critterandguitari/EYESY_Modes_OSv3/blob/main/S%20-%20Football%20Scope/main.py;https://github.com/critterandguitari/EYESY_Modes_Pygame/blob/master/S%20-%20Football%20Scope/main.py;https://github.com/hdesoyres/eyesy-modes/blob/master/Modes/Python/S%20-%20Football%20Scope/main.py;https://github.com/jeromedagustin/eyesy_projects/blob/main/examples/scopes/S%20-%20Football%20Scope/main.py;https://github.com/pmerienne/eyesy-modes/blob/main/Modes/Python/S%20-%20Football%20Scope/main.py
googly-eyes,S - Googly Eyes,missing,,,,unknown;v2-pygame;v3-pygame,mode,Arimuri;Critter & Guitari;hdesoyres;jeromedagustin;pmerienne,BSD-2-Clause;NOASSERTION,check;permissive,,,,community:Arimuri/SHRTY/S - Googly Eyes;community:hdesoyres/eyesy-modes/S - Googly Eyes;community:jeromedagustin/eyesy_projects/S - Googly Eyes;community:pmerienne/eyesy-modes/S - Googly Eyes;github-stock:EYESY_Modes_OSv3/S - Googly Eyes;github-stock:EYESY_Modes_Pygame/S - Googly Eyes,https://github.com/Arimuri/SHRTY/blob/main/data/Modes/S%20-%20Googly%20Eyes/main.py;https://github.com/critterandguitari/EYESY_Modes_OSv3/blob/main/S%20-%20Googly%20Eyes/main.py;https://github.com/critterandguitari/EYESY_Modes_Pygame/blob/master/S%20-%20Googly%20Eyes/main.py;https://github.com/hdesoyres/eyesy-modes/blob/master/Modes/Python/S%20-%20Googly%20Eyes/main.py;https://github.com/jeromedagustin/eyesy_projects/blob/main/examples/scopes/S%20-%20Googly%20Eyes/main.py;https://github.com/pmerienne/eyesy-modes/blob/main/Modes/Python/S%20-%20Googly%20Eyes/main.py
gradient-cloud,S - Gradient Cloud,missing,,,,unknown;v2-pygame;v3-pygame,mode,Arimuri;Critter & Guitari;hdesoyres;jeromedagustin;pmerienne,BSD-2-Clause;NOASSERTION,check;permissive,,,,community:Arimuri/SHRTY/S - Gradient Cloud;community:hdesoyres/eyesy-modes/S - Gradient Cloud;community:jeromedagustin/eyesy_projects/S - Gradient Cloud;community:pmerienne/eyesy-modes/S - Gradient Cloud;github-stock:EYESY_Modes_OSv3/S - Gradient Cloud;github-stock:EYESY_Modes_Pygame/S - Gradient Cloud,https://github.com/Arimuri/SHRTY/blob/main/data/Modes/S%20-%20Gradient%20Cloud/main.py;https://github.com/critterandguitari/EYESY_Modes_OSv3/blob/main/S%20-%20Gradient%20Cloud/main.py;https://github.com/critterandguitari/EYESY_Modes_Pygame/blob/master/S%20-%20Gradient%20Cloud/main.py;https://github.com/hdesoyres/eyesy-modes/blob/master/Modes/Python/S%20-%20Gradient%20Cloud/main.py;https://github.com/jeromedagustin/eyesy_projects/blob/main/examples/scopes/S%20-%20Gradient%20Cloud/main.py;https://github.com/pmerienne/eyesy-modes/blob/main/Modes/Python/S%20-%20Gradient%20Cloud/main.py
gradient-column,S - Gradient Column,missing,,,,unknown;v2-pygame;v3-pygame,mode,Arimuri;Critter & Guitari;hdesoyres;jeromedagustin;pmerienne,BSD-2-Clause;NOASSERTION,check;permissive,,,,community:Arimuri/SHRTY/S - Gradient Column;community:hdesoyres/eyesy-modes/S - Gradient Column;community:jeromedagustin/eyesy_projects/S - Gradient Column;community:pmerienne/eyesy-modes/S - Gradient Column;github-stock:EYESY_Modes_OSv3/S - Gradient Column;github-stock:EYESY_Modes_Pygame/S - Gradient Column,https://github.com/Arimuri/SHRTY/blob/main/data/Modes/S%20-%20Gradient%20Column/main.py;https://github.com/critterandguitari/EYESY_Modes_OSv3/blob/main/S%20-%20Gradient%20Column/main.py;https://github.com/critterandguitari/EYESY_Modes_Pygame/blob/master/S%20-%20Gradient%20Column/main.py;https://github.com/hdesoyres/eyesy-modes/blob/master/Modes/Python/S%20-%20Gradient%20Column/main.py;https://github.com/jeromedagustin/eyesy_projects/blob/main/examples/scopes/S%20-%20Gradient%20Column/main.py;https://github.com/pmerienne/eyesy-modes/blob/main/Modes/Python/S%20-%20Gradient%20Column/main.py
grid-circles-column-color,S - Grid Circles - Column Color,missing,,,,unknown;v3-pygame,mode,Arimuri;Critter & Guitari;jeromedagustin,BSD-2-Clause;NOASSERTION,check;permissive,,,,community:Arimuri/SHRTY/S - Grid Circles - Column Color;community:jeromedagustin/eyesy_projects/S - Grid Circles - Column Color;github-stock:EYESY_Modes_OSv3/S - Grid Circles - Column Color,https://github.com/Arimuri/SHRTY/blob/main/data/Modes/S%20-%20Grid%20Circles%20-%20Column%20Color/main.py;https://github.com/critterandguitari/EYESY_Modes_OSv3/blob/main/S%20-%20Grid%20Circles%20-%20Column%20Color/main.py;https://github.com/jeromedagustin/eyesy_projects/blob/main/examples/scopes/S%20-%20Grid%20Circles%20-%20Column%20Color/main.py
grid-circles-outlined,S - Grid Circles - Outlined,missing,,,,unknown;v3-pygame,mode,Arimuri;Critter & Guitari;jeromedagustin,BSD-2-Clause;NOASSERTION,check;permissive,,,,community:Arimuri/SHRTY/S - Grid Circles - Outlined;community:jeromedagustin/eyesy_projects/S - Grid Circles - Outlined;github-stock:EYESY_Modes_OSv3/S - Grid Circles - Outlined,https://github.com/Arimuri/SHRTY/blob/main/data/Modes/S%20-%20Grid%20Circles%20-%20Outlined/main.py;https://github.com/critterandguitari/EYESY_Modes_OSv3/blob/main/S%20-%20Grid%20Circles%20-%20Outlined/main.py;https://github.com/jeromedagustin/eyesy_projects/blob/main/examples/scopes/S%20-%20Grid%20Circles%20-%20Outlined/main.py
grid-circles-outlined-column-color,S - Grid Circles - Outlined Column Color,missing,,,,unknown;v3-pygame,mode,Arimuri;Critter & Guitari;jeromedagustin,BSD-2-Clause;NOASSERTION,check;permissive,,,,community:Arimuri/SHRTY/S - Grid Circles - Outlined Column Color;community:jeromedagustin/eyesy_projects/S - Grid Circles - Outlined Column Color;github-stock:EYESY_Modes_OSv3/S - Grid Circles - Outlined Column Color,https://github.com/Arimuri/SHRTY/blob/main/data/Modes/S%20-%20Grid%20Circles%20-%20Outlined%20Column%20Color/main.py;https://github.com/critterandguitari/EYESY_Modes_OSv3/blob/main/S%20-%20Grid%20Circles%20-%20Outlined%20Column%20Color/main.py;https://github.com/jeromedagustin/eyesy_projects/blob/main/examples/scopes/S%20-%20Grid%20Circles%20-%20Outlined%20Column%20Color/main.py
grid-circles-patchwork-color,S - Grid Circles - Patchwork Color,missing,,,,unknown;v3-pygame,mode,Arimuri;Critter & Guitari;jeromedagustin,BSD-2-Clause;NOASSERTION,check;permissive,,,,community:Arimuri/SHRTY/S - Grid Circles - Patchwork Color;community:jeromedagustin/eyesy_projects/S - Grid Circles - Patchwork Color;github-stock:EYESY_Modes_OSv3/S - Grid Circles - Patchwork Color,https://github.com/Arimuri/SHRTY/blob/main/data/Modes/S%20-%20Grid%20Circles%20-%20Patchwork%20Color/main.py;https://github.com/critterandguitari/EYESY_Modes_OSv3/blob/main/S%20-%20Grid%20Circles%20-%20Patchwork%20Color/main.py;https://github.com/jeromedagustin/eyesy_projects/blob/main/examples/scopes/S%20-%20Grid%20Circles%20-%20Patchwork%20Color/main.py
grid-circles-uniform-color,S - Grid Circles - Uniform Color,missing,,,,unknown;v3-pygame,mode,Arimuri;Critter & Guitari;jeromedagustin,BSD-2-Clause;NOASSERTION,check;permissive,,,,community:Arimuri/SHRTY/S - Grid Circles - Uniform Color;community:jeromedagustin/eyesy_projects/S - Grid Circles - Uniform Color;github-stock:EYESY_Modes_OSv3/S - Grid Circles - Uniform Color,https://github.com/Arimuri/SHRTY/blob/main/data/Modes/S%20-%20Grid%20Circles%20-%20Uniform%20Color/main.py;https://github.com/critterandguitari/EYESY_Modes_OSv3/blob/main/S%20-%20Grid%20Circles%20-%20Uniform%20Color/main.py;https://github.com/jeromedagustin/eyesy_projects/blob/main/examples/scopes/S%20-%20Grid%20Circles%20-%20Uniform%20Color/main.py
grid-polygons-column-color,S - Grid Polygons - Column Color,missing,,,,unknown;v3-pygame,mode,Arimuri;Critter & Guitari;jeromedagustin,BSD-2-Clause;NOASSERTION,check;permissive,,,,community:Arimuri/SHRTY/S - Grid Polygons - Column Color;community:jeromedagustin/eyesy_projects/S - Grid Polygons - Column Color;github-stock:EYESY_Modes_OSv3/S - Grid Polygons - Column Color,https://github.com/Arimuri/SHRTY/blob/main/data/Modes/S%20-%20Grid%20Polygons%20-%20Column%20Color/main.py;https://github.com/critterandguitari/EYESY_Modes_OSv3/blob/main/S%20-%20Grid%20Polygons%20-%20Column%20Color/main.py;https://github.com/jeromedagustin/eyesy_projects/blob/main/examples/scopes/S%20-%20Grid%20Polygons%20-%20Column%20Color/main.py
grid-polygons-patchwork-color,S - Grid Polygons - Patchwork Color,missing,,,,unknown;v3-pygame,mode,Arimuri;Critter & Guitari;jeromedagustin,BSD-2-Clause;NOASSERTION,check;permissive,,,,community:Arimuri/SHRTY/S - Grid Polygons - Patchwork Color;community:jeromedagustin/eyesy_projects/S - Grid Polygons - Patchwork Color;github-stock:EYESY_Modes_OSv3/S - Grid Polygons - Patchwork Color,https://github.com/Arimuri/SHRTY/blob/main/data/Modes/S%20-%20Grid%20Polygons%20-%20Patchwork%20Color/main.py;https://github.com/critterandguitari/EYESY_Modes_OSv3/blob/main/S%20-%20Grid%20Polygons%20-%20Patchwork%20Color/main.py;https://github.com/jeromedagustin/eyesy_projects/blob/main/examples/scopes/S%20-%20Grid%20Polygons%20-%20Patchwork%20Color/main.py
grid-polygons-uniform-color,S - Grid Polygons - Uniform Color,missing,,,,unknown;v3-pygame,mode,Arimuri;Critter & Guitari;jeromedagustin,BSD-2-Clause;NOASSERTION,check;permissive,,,,community:Arimuri/SHRTY/S - Grid Polygons - Uniform Color;community:jeromedagustin/eyesy_projects/S - Grid Polygons - Uniform Color;github-stock:EYESY_Modes_OSv3/S - Grid Polygons - Uniform Color,https://github.com/Arimuri/SHRTY/blob/main/data/Modes/S%20-%20Grid%20Polygons%20-%20Uniform%20Color/main.py;https://github.com/critterandguitari/EYESY_Modes_OSv3/blob/main/S%20-%20Grid%20Polygons%20-%20Uniform%20Color/main.py;https://github.com/jeromedagustin/eyesy_projects/blob/main/examples/scopes/S%20-%20Grid%20Polygons%20-%20Uniform%20Color/main.py
grid-pulse,S - Grid Pulse,missing,,,,unknown,mode,Arimuri,NOASSERTION,check,,,,community:Arimuri/SHRTY/S - Grid Pulse,https://github.com/Arimuri/SHRTY/blob/main/data/Modes/S%20-%20Grid%20Pulse/main.py
grid-slide-square-filled-column-color,S - Grid Slide Square - Filled Column Color,missing,,,,unknown;v3-pygame,mode,Arimuri;Critter & Guitari;jeromedagustin,BSD-2-Clause;NOASSERTION,check;permissive,,,,community:Arimuri/SHRTY/S - Grid Slide Square - Filled Column Color;community:jeromedagustin/eyesy_projects/S - Grid Slide Square - Filled Column Color;github-stock:EYESY_Modes_OSv3/S - Grid Slide Square - Filled Column Color,https://github.com/Arimuri/SHRTY/blob/main/data/Modes/S%20-%20Grid%20Slide%20Square%20-%20Filled%20Column%20Color/main.py;https://github.com/critterandguitari/EYESY_Modes_OSv3/blob/main/S%20-%20Grid%20Slide%20Square%20-%20Filled%20Column%20Color/main.py;https://github.com/jeromedagustin/eyesy_projects/blob/main/examples/scopes/S%20-%20Grid%20Slide%20Square%20-%20Filled%20Column%20Color/main.py
grid-slide-square-filled-patchwork-color,S - Grid Slide Square - Filled Patchwork Color,missing,,,,unknown;v3-pygame,mode,Arimuri;Critter & Guitari;jeromedagustin,BSD-2-Clause;NOASSERTION,check;permissive,,,,community:Arimuri/SHRTY/S - Grid Slide Square - Filled Patchwork Color;community:jeromedagustin/eyesy_projects/S - Grid Slide Square - Filled Patchwork Color;github-stock:EYESY_Modes_OSv3/S - Grid Slide Square - Filled Patchwork Color,https://github.com/Arimuri/SHRTY/blob/main/data/Modes/S%20-%20Grid%20Slide%20Square%20-%20Filled%20Patchwork%20Color/main.py;https://github.com/critterandguitari/EYESY_Modes_OSv3/blob/main/S%20-%20Grid%20Slide%20Square%20-%20Filled%20Patchwork%20Color/main.py;https://github.com/jeromedagustin/eyesy_projects/blob/main/examples/scopes/S%20-%20Grid%20Slide%20Square%20-%20Filled%20Patchwork%20Color/main.py
grid-slide-square-filled-uniform-color,S - Grid Slide Square - Filled Uniform Color,missing,,,,unknown;v3-pygame,mode,Arimuri;Critter & Guitari;jeromedagustin,BSD-2-Clause;NOASSERTION,check;permissive,,,,community:Arimuri/SHRTY/S - Grid Slide Square - Filled Uniform Color;community:jeromedagustin/eyesy_projects/S - Grid Slide Square - Filled Uniform Color;github-stock:EYESY_Modes_OSv3/S - Grid Slide Square - Filled Uniform Color,https://github.com/Arimuri/SHRTY/blob/main/data/Modes/S%20-%20Grid%20Slide%20Square%20-%20Filled%20Uniform%20Color/main.py;https://github.com/critterandguitari/EYESY_Modes_OSv3/blob/main/S%20-%20Grid%20Slide%20Square%20-%20Filled%20Uniform%20Color/main.py;https://github.com/jeromedagustin/eyesy_projects/blob/main/examples/scopes/S%20-%20Grid%20Slide%20Square%20-%20Filled%20Uniform%20Color/main.py
grid-slide-square-unfilled-column-color,S - Grid Slide Square - Unfilled Column Color,missing,,,,unknown;v3-pygame,mode,Arimuri;Critter & Guitari;jeromedagustin,BSD-2-Clause;NOASSERTION,check;permissive,,,,community:Arimuri/SHRTY/S - Grid Slide Square - Unfilled Column Color;community:jeromedagustin/eyesy_projects/S - Grid Slide Square - Unfilled Column Color;github-stock:EYESY_Modes_OSv3/S - Grid Slide Square - Unfilled Column Color,https://github.com/Arimuri/SHRTY/blob/main/data/Modes/S%20-%20Grid%20Slide%20Square%20-%20Unfilled%20Column%20Color/main.py;https://github.com/critterandguitari/EYESY_Modes_OSv3/blob/main/S%20-%20Grid%20Slide%20Square%20-%20Unfilled%20Column%20Color/main.py;https://github.com/jeromedagustin/eyesy_projects/blob/main/examples/scopes/S%20-%20Grid%20Slide%20Square%20-%20Unfilled%20Column%20Color/main.py
grid-slide-square-unfilled-patchwork-color,S - Grid Slide Square - Unfilled Patchwork Color,missing,,,,unknown;v3-pygame,mode,Arimuri;Critter & Guitari;jeromedagustin,BSD-2-Clause;NOASSERTION,check;permissive,,,,community:Arimuri/SHRTY/S - Grid Slide Square - Unfilled Patchwork Color;community:jeromedagustin/eyesy_projects/S - Grid Slide Square - Unfilled Patchwork Color;github-stock:EYESY_Modes_OSv3/S - Grid Slide Square - Unfilled Patchwork Color,https://github.com/Arimuri/SHRTY/blob/main/data/Modes/S%20-%20Grid%20Slide%20Square%20-%20Unfilled%20Patchwork%20Color/main.py;https://github.com/critterandguitari/EYESY_Modes_OSv3/blob/main/S%20-%20Grid%20Slide%20Square%20-%20Unfilled%20Patchwork%20Color/main.py;https://github.com/jeromedagustin/eyesy_projects/blob/main/examples/scopes/S%20-%20Grid%20Slide%20Square%20-%20Unfilled%20Patchwork%20Color/main.py
grid-slide-square-unfilled-uniform-color,S - Grid Slide Square - Unfilled Uniform Color,missing,,,,unknown;v3-pygame,mode,Arimuri;Critter & Guitari;jeromedagustin,BSD-2-Clause;NOASSERTION,check;permissive,,,,community:Arimuri/SHRTY/S - Grid Slide Square - Unfilled Uniform Color;community:jeromedagustin/eyesy_projects/S - Grid Slide Square - Unfilled Uniform Color;github-stock:EYESY_Modes_OSv3/S - Grid Slide Square - Unfilled Uniform Color,https://github.com/Arimuri/SHRTY/blob/main/data/Modes/S%20-%20Grid%20Slide%20Square%20-%20Unfilled%20Uniform%20Color/main.py;https://github.com/critterandguitari/EYESY_Modes_OSv3/blob/main/S%20-%20Grid%20Slide%20Square%20-%20Unfilled%20Uniform%20Color/main.py;https://github.com/jeromedagustin/eyesy_projects/blob/main/examples/scopes/S%20-%20Grid%20Slide%20Square%20-%20Unfilled%20Uniform%20Color/main.py
grid-triangles-filled-column-color,S - Grid Triangles - Filled Column Color,missing,,,,unknown;v3-pygame,mode,Arimuri;Critter & Guitari;jeromedagustin,BSD-2-Clause;NOASSERTION,check;permissive,,,,community:Arimuri/SHRTY/S - Grid Triangles - Filled Column Color;community:jeromedagustin/eyesy_projects/S - Grid Triangles - Filled Column Color;github-stock:EYESY_Modes_OSv3/S - Grid Triangles - Filled Column Color,https://github.com/Arimuri/SHRTY/blob/main/data/Modes/S%20-%20Grid%20Triangles%20-%20Filled%20Column%20Color/main.py;https://github.com/critterandguitari/EYESY_Modes_OSv3/blob/main/S%20-%20Grid%20Triangles%20-%20Filled%20Column%20Color/main.py;https://github.com/jeromedagustin/eyesy_projects/blob/main/examples/scopes/S%20-%20Grid%20Triangles%20-%20Filled%20Column%20Color/main.py
grid-triangles-filled-patchwork-color,S - Grid Triangles - Filled Patchwork Color,missing,,,,unknown;v3-pygame,mode,Arimuri;Critter & Guitari;jeromedagustin,BSD-2-Clause;NOASSERTION,check;permissive,,,,community:Arimuri/SHRTY/S - Grid Triangles - Filled Patchwork Color;community:jeromedagustin/eyesy_projects/S - Grid Triangles - Filled Patchwork Color;github-stock:EYESY_Modes_OSv3/S - Grid Triangles - Filled Patchwork Color,https://github.com/Arimuri/SHRTY/blob/main/data/Modes/S%20-%20Grid%20Triangles%20-%20Filled%20Patchwork%20Color/main.py;https://github.com/critterandguitari/EYESY_Modes_OSv3/blob/main/S%20-%20Grid%20Triangles%20-%20Filled%20Patchwork%20Color/main.py;https://github.com/jeromedagustin/eyesy_projects/blob/main/examples/scopes/S%20-%20Grid%20Triangles%20-%20Filled%20Patchwork%20Color/main.py
grid-triangles-filled-uniform-color,S - Grid Triangles - Filled Uniform Color,missing,,,,unknown;v3-pygame,mode,Arimuri;Critter & Guitari;jeromedagustin,BSD-2-Clause;NOASSERTION,check;permissive,,,,community:Arimuri/SHRTY/S - Grid Triangles - Filled Uniform Color;community:jeromedagustin/eyesy_projects/S - Grid Triangles - Filled Uniform Color;github-stock:EYESY_Modes_OSv3/S - Grid Triangles - Filled Uniform Color,https://github.com/Arimuri/SHRTY/blob/main/data/Modes/S%20-%20Grid%20Triangles%20-%20Filled%20Uniform%20Color/main.py;https://github.com/critterandguitari/EYESY_Modes_OSv3/blob/main/S%20-%20Grid%20Triangles%20-%20Filled%20Uniform%20Color/main.py;https://github.com/jeromedagustin/eyesy_projects/blob/main/examples/scopes/S%20-%20Grid%20Triangles%20-%20Filled%20Uniform%20Color/main.py
grid-triangles-unfilled-column-color,S - Grid Triangles - Unfilled Column Color,missing,,,,unknown;v3-pygame,mode,Arimuri;Critter & Guitari;jeromedagustin,BSD-2-Clause;NOASSERTION,check;permissive,,,,community:Arimuri/SHRTY/S - Grid Triangles - Unfilled Column Color;community:jeromedagustin/eyesy_projects/S - Grid Triangles - Unfilled Column Color;github-stock:EYESY_Modes_OSv3/S - Grid Triangles - Unfilled Column Color,https://github.com/Arimuri/SHRTY/blob/main/data/Modes/S%20-%20Grid%20Triangles%20-%20Unfilled%20Column%20Color/main.py;https://github.com/critterandguitari/EYESY_Modes_OSv3/blob/main/S%20-%20Grid%20Triangles%20-%20Unfilled%20Column%20Color/main.py;https://github.com/jeromedagustin/eyesy_projects/blob/main/examples/scopes/S%20-%20Grid%20Triangles%20-%20Unfilled%20Column%20Color/main.py
grid-triangles-unfilled-patchwork-color,S - Grid Triangles - Unfilled Patchwork Color,missing,,,,unknown;v3-pygame,mode,Arimuri;Critter & Guitari;jeromedagustin,BSD-2-Clause;NOASSERTION,check;permissive,,,,community:Arimuri/SHRTY/S - Grid Triangles - Unfilled Patchwork Color;community:jeromedagustin/eyesy_projects/S - Grid Triangles - Unfilled Patchwork Color;github-stock:EYESY_Modes_OSv3/S - Grid Triangles - Unfilled Patchwork Color,https://github.com/Arimuri/SHRTY/blob/main/data/Modes/S%20-%20Grid%20Triangles%20-%20Unfilled%20Patchwork%20Color/main.py;https://github.com/critterandguitari/EYESY_Modes_OSv3/blob/main/S%20-%20Grid%20Triangles%20-%20Unfilled%20Patchwork%20Color/main.py;https://github.com/jeromedagustin/eyesy_projects/blob/main/examples/scopes/S%20-%20Grid%20Triangles%20-%20Unfilled%20Patchwork%20Color/main.py
grid-triangles-unfilled-uniform-color,S - Grid Triangles - Unfilled Uniform Color,missing,,,,unknown;v3-pygame,mode,Arimuri;Critter & Guitari;jeromedagustin,BSD-2-Clause;NOASSERTION,check;permissive,,,,community:Arimuri/SHRTY/S - Grid Triangles - Unfilled Uniform Color;community:jeromedagustin/eyesy_projects/S - Grid Triangles - Unfilled Uniform Color;github-stock:EYESY_Modes_OSv3/S - Grid Triangles - Unfilled Uniform Color,https://github.com/Arimuri/SHRTY/blob/main/data/Modes/S%20-%20Grid%20Triangles%20-%20Unfilled%20Uniform%20Color/main.py;https://github.com/critterandguitari/EYESY_Modes_OSv3/blob/main/S%20-%20Grid%20Triangles%20-%20Unfilled%20Uniform%20Color/main.py;https://github.com/jeromedagustin/eyesy_projects/blob/main/examples/scopes/S%20-%20Grid%20Triangles%20-%20Unfilled%20Uniform%20Color/main.py
h-circles-image,S - H Circles - Image,missing,,,,unknown;v3-pygame,mode,Arimuri;Critter & Guitari;jeromedagustin,BSD-2-Clause;NOASSERTION,check;permissive,,,,community:Arimuri/SHRTY/S - H Circles - Image;community:jeromedagustin/eyesy_projects/S - H Circles - Image;github-stock:EYESY_Modes_OSv3/S - H Circles - Image,https://github.com/Arimuri/SHRTY/blob/main/data/Modes/S%20-%20H%20Circles%20-%20Image/main.py;https://github.com/critterandguitari/EYESY_Modes_OSv3/blob/main/S%20-%20H%20Circles%20-%20Image/main.py;https://github.com/jeromedagustin/eyesy_projects/blob/main/examples/scopes/S%20-%20H%20Circles%20-%20Image/main.py
image-circle,T - Image + Circle,missing,,,,unknown;v3-pygame,mode,Arimuri;Critter & Guitari;jeromedagustin,BSD-2-Clause;NOASSERTION,check;permissive,,,,community:Arimuri/SHRTY/T - Image + Circle;community:jeromedagustin/eyesy_projects/T - Image + Circle;github-stock:EYESY_Modes_OSv3/T - Image + Circle,https://github.com/Arimuri/SHRTY/blob/main/data/Modes/T%20-%20Image%20%2B%20Circle/main.py;https://github.com/critterandguitari/EYESY_Modes_OSv3/blob/main/T%20-%20Image%20%2B%20Circle/main.py;https://github.com/jeromedagustin/eyesy_projects/blob/main/examples/triggers/T%20-%20Image%20%2B%20Circle/main.py
ink-rings,ink-rings,missing,,,,unknown,mode,degiere,BSD-3-Clause,permissive,,,,community:degiere/eyesy-simulator/ink-rings,https://github.com/degiere/eyesy-simulator/blob/main/examples/ink-rings/main.py
itbs-s-arc-reactor,ITBS - S - Arc Reactor,missing,,,,unknown,mode,Arimuri,NOASSERTION,check,,,,community:Arimuri/SHRTY/ITBS - S - Arc Reactor,https://github.com/Arimuri/SHRTY/blob/main/data/Modes/ITBS%20-%20S%20-%20Arc%20Reactor/main.py
itbs-s-block-glitch,ITBS - S - Block Glitch,missing,,,,unknown,mode,Arimuri,NOASSERTION,check,,,,community:Arimuri/SHRTY/ITBS - S - Block Glitch,https://github.com/Arimuri/SHRTY/blob/main/data/Modes/ITBS%20-%20S%20-%20Block%20Glitch/main.py
itbs-s-bounce-line,ITBS - S - Bounce Line,missing,,,,unknown,mode,Arimuri,NOASSERTION,check,,,,community:Arimuri/SHRTY/ITBS - S - Bounce Line,https://github.com/Arimuri/SHRTY/blob/main/data/Modes/ITBS%20-%20S%20-%20Bounce%20Line/main.py
itbs-s-derpy-dog,ITBS - S - Derpy Dog,missing,,,,unknown,mode,Arimuri,NOASSERTION,check,,,,community:Arimuri/SHRTY/ITBS - S - Derpy Dog,https://github.com/Arimuri/SHRTY/blob/main/data/Modes/ITBS%20-%20S%20-%20Derpy%20Dog/main.py
itbs-s-dot-orbit,ITBS - S - Dot Orbit,missing,,,,unknown,mode,Arimuri,NOASSERTION,check,,,,community:Arimuri/SHRTY/ITBS - S - Dot Orbit,https://github.com/Arimuri/SHRTY/blob/main/data/Modes/ITBS%20-%20S%20-%20Dot%20Orbit/main.py
itbs-s-dvd-bounce,ITBS - S - DVD Bounce,missing,,,,unknown,mode,Arimuri,NOASSERTION,check,,,,community:Arimuri/SHRTY/ITBS - S - DVD Bounce,https://github.com/Arimuri/SHRTY/blob/main/data/Modes/ITBS%20-%20S%20-%20DVD%20Bounce/main.py
itbs-s-glitch-bars,ITBS - S - Glitch Bars,missing,,,,unknown,mode,Arimuri,NOASSERTION,check,,,,community:Arimuri/SHRTY/ITBS - S - Glitch Bars,https://github.com/Arimuri/SHRTY/blob/main/data/Modes/ITBS%20-%20S%20-%20Glitch%20Bars/main.py
itbs-s-helix-spin,ITBS - S - Helix Spin,missing,,,,unknown,mode,Arimuri,NOASSERTION,check,,,,community:Arimuri/SHRTY/ITBS - S - Helix Spin,https://github.com/Arimuri/SHRTY/blob/main/data/Modes/ITBS%20-%20S%20-%20Helix%20Spin/main.py
itbs-s-laser-grid,ITBS - S - Laser Grid,missing,,,,unknown,mode,Arimuri,NOASSERTION,check,,,,community:Arimuri/SHRTY/ITBS - S - Laser Grid,https://github.com/Arimuri/SHRTY/blob/main/data/Modes/ITBS%20-%20S%20-%20Laser%20Grid/main.py
itbs-s-micro-waves,ITBS - S - Micro Waves,missing,,,,unknown,mode,Arimuri,NOASSERTION,check,,,,community:Arimuri/SHRTY/ITBS - S - Micro Waves,https://github.com/Arimuri/SHRTY/blob/main/data/Modes/ITBS%20-%20S%20-%20Micro%20Waves/main.py
itbs-s-mirror-sine,ITBS - S - Mirror Sine,missing,,,,unknown,mode,Arimuri,NOASSERTION,check,,,,community:Arimuri/SHRTY/ITBS - S - Mirror Sine,https://github.com/Arimuri/SHRTY/blob/main/data/Modes/ITBS%20-%20S%20-%20Mirror%20Sine/main.py
itbs-s-neon-pulse,ITBS - S - Neon Pulse,missing,,,,unknown,mode,Arimuri,NOASSERTION,check,,,,community:Arimuri/SHRTY/ITBS - S - Neon Pulse,https://github.com/Arimuri/SHRTY/blob/main/data/Modes/ITBS%20-%20S%20-%20Neon%20Pulse/main.py
itbs-s-pixel-scope,ITBS - S - Pixel Scope,missing,,,,unknown,mode,Arimuri,NOASSERTION,check,,,,community:Arimuri/SHRTY/ITBS - S - Pixel Scope,https://github.com/Arimuri/SHRTY/blob/main/data/Modes/ITBS%20-%20S%20-%20Pixel%20Scope/main.py
itbs-s-pluck-string,ITBS - S - Pluck String,missing,,,,unknown,mode,Arimuri,NOASSERTION,check,,,,community:Arimuri/SHRTY/ITBS - S - Pluck String,https://github.com/Arimuri/SHRTY/blob/main/data/Modes/ITBS%20-%20S%20-%20Pluck%20String/main.py
itbs-s-polar-flower,ITBS - S - Polar Flower,missing,,,,unknown,mode,Arimuri,NOASSERTION,check,,,,community:Arimuri/SHRTY/ITBS - S - Polar Flower,https://github.com/Arimuri/SHRTY/blob/main/data/Modes/ITBS%20-%20S%20-%20Polar%20Flower/main.py
itbs-s-ribbon-dance,ITBS - S - Ribbon Dance,missing,,,,unknown,mode,Arimuri,NOASSERTION,check,,,,community:Arimuri/SHRTY/ITBS - S - Ribbon Dance,https://github.com/Arimuri/SHRTY/blob/main/data/Modes/ITBS%20-%20S%20-%20Ribbon%20Dance/main.py
itbs-s-ring-pulse,ITBS - S - Ring Pulse,missing,,,,unknown,mode,Arimuri,NOASSERTION,check,,,,community:Arimuri/SHRTY/ITBS - S - Ring Pulse,https://github.com/Arimuri/SHRTY/blob/main/data/Modes/ITBS%20-%20S%20-%20Ring%20Pulse/main.py
itbs-s-scanline-melt,ITBS - S - Scanline Melt,missing,,,,unknown,mode,Arimuri,NOASSERTION,check,,,,community:Arimuri/SHRTY/ITBS - S - Scanline Melt,https://github.com/Arimuri/SHRTY/blob/main/data/Modes/ITBS%20-%20S%20-%20Scanline%20Melt/main.py
itbs-s-screaming-face,ITBS - S - Screaming Face,missing,,,,unknown,mode,Arimuri,NOASSERTION,check,,,,community:Arimuri/SHRTY/ITBS - S - Screaming Face,https://github.com/Arimuri/SHRTY/blob/main/data/Modes/ITBS%20-%20S%20-%20Screaming%20Face/main.py
itbs-s-silly-matrix,ITBS - S - Silly Matrix,missing,,,,unknown,mode,Arimuri,NOASSERTION,check,,,,community:Arimuri/SHRTY/ITBS - S - Silly Matrix,https://github.com/Arimuri/SHRTY/blob/main/data/Modes/ITBS%20-%20S%20-%20Silly%20Matrix/main.py
itbs-s-sine-prism,ITBS - S - Sine Prism,missing,,,,unknown,mode,Arimuri,NOASSERTION,check,,,,community:Arimuri/SHRTY/ITBS - S - Sine Prism,https://github.com/Arimuri/SHRTY/blob/main/data/Modes/ITBS%20-%20S%20-%20Sine%20Prism/main.py
itbs-s-spectrum-bars,ITBS - S - Spectrum Bars,missing,,,,unknown,mode,Arimuri,NOASSERTION,check,,,,community:Arimuri/SHRTY/ITBS - S - Spectrum Bars,https://github.com/Arimuri/SHRTY/blob/main/data/Modes/ITBS%20-%20S%20-%20Spectrum%20Bars/main.py
itbs-s-strobe-cut,ITBS - S - Strobe Cut,missing,,,,unknown,mode,Arimuri,NOASSERTION,check,,,,community:Arimuri/SHRTY/ITBS - S - Strobe Cut,https://github.com/Arimuri/SHRTY/blob/main/data/Modes/ITBS%20-%20S%20-%20Strobe%20Cut/main.py
itbs-s-vhs-drift,ITBS - S - VHS Drift,missing,,,,unknown,mode,Arimuri,NOASSERTION,check,,,,community:Arimuri/SHRTY/ITBS - S - VHS Drift,https://github.com/Arimuri/SHRTY/blob/main/data/Modes/ITBS%20-%20S%20-%20VHS%20Drift/main.py
itbs-s-wave-stack,ITBS - S - Wave Stack,missing,,,,unknown,mode,Arimuri,NOASSERTION,check,,,,community:Arimuri/SHRTY/ITBS - S - Wave Stack,https://github.com/Arimuri/SHRTY/blob/main/data/Modes/ITBS%20-%20S%20-%20Wave%20Stack/main.py
itbs-s-waveform-grid,ITBS - S - Waveform Grid,missing,,,,unknown,mode,Arimuri,NOASSERTION,check,,,,community:Arimuri/SHRTY/ITBS - S - Waveform Grid,https://github.com/Arimuri/SHRTY/blob/main/data/Modes/ITBS%20-%20S%20-%20Waveform%20Grid/main.py
itbs-t-bubble-pop,ITBS - T - Bubble Pop,missing,,,,unknown,mode,Arimuri,NOASSERTION,check,,,,community:Arimuri/SHRTY/ITBS - T - Bubble Pop,https://github.com/Arimuri/SHRTY/blob/main/data/Modes/ITBS%20-%20T%20-%20Bubble%20Pop/main.py
itbs-t-candy-tiles,ITBS - T - Candy Tiles,missing,,,,unknown,mode,Arimuri,NOASSERTION,check,,,,community:Arimuri/SHRTY/ITBS - T - Candy Tiles,https://github.com/Arimuri/SHRTY/blob/main/data/Modes/ITBS%20-%20T%20-%20Candy%20Tiles/main.py
itbs-t-confetti-machine,ITBS - T - Confetti Machine,missing,,,,unknown,mode,Arimuri,NOASSERTION,check,,,,community:Arimuri/SHRTY/ITBS - T - Confetti Machine,https://github.com/Arimuri/SHRTY/blob/main/data/Modes/ITBS%20-%20T%20-%20Confetti%20Machine/main.py
itbs-t-dancing-kaomoji,ITBS - T - Dancing Kaomoji,missing,,,,unknown,mode,Arimuri,NOASSERTION,check,,,,community:Arimuri/SHRTY/ITBS - T - Dancing Kaomoji,https://github.com/Arimuri/SHRTY/blob/main/data/Modes/ITBS%20-%20T%20-%20Dancing%20Kaomoji/main.py
itbs-t-dot-grid-pulse,ITBS - T - Dot Grid Pulse,missing,,,,unknown,mode,Arimuri,NOASSERTION,check,,,,community:Arimuri/SHRTY/ITBS - T - Dot Grid Pulse,https://github.com/Arimuri/SHRTY/blob/main/data/Modes/ITBS%20-%20T%20-%20Dot%20Grid%20Pulse/main.py
itbs-t-emoji-party,ITBS - T - Emoji Party,missing,,,,unknown,mode,Arimuri,NOASSERTION,check,,,,community:Arimuri/SHRTY/ITBS - T - Emoji Party,https://github.com/Arimuri/SHRTY/blob/main/data/Modes/ITBS%20-%20T%20-%20Emoji%20Party/main.py
itbs-t-hex-grid,ITBS - T - Hex Grid,missing,,,,unknown,mode,Arimuri,NOASSERTION,check,,,,community:Arimuri/SHRTY/ITBS - T - Hex Grid,https://github.com/Arimuri/SHRTY/blob/main/data/Modes/ITBS%20-%20T%20-%20Hex%20Grid/main.py
itbs-t-iso-blocks,ITBS - T - Iso Blocks,missing,,,,unknown,mode,Arimuri,NOASSERTION,check,,,,community:Arimuri/SHRTY/ITBS - T - Iso Blocks,https://github.com/Arimuri/SHRTY/blob/main/data/Modes/ITBS%20-%20T%20-%20Iso%20Blocks/main.py
itbs-t-letter-scatter,ITBS - T - Letter Scatter,missing,,,,unknown,mode,Arimuri,NOASSERTION,check,,,,community:Arimuri/SHRTY/ITBS - T - Letter Scatter,https://github.com/Arimuri/SHRTY/blob/main/data/Modes/ITBS%20-%20T%20-%20Letter%20Scatter/main.py
itbs-t-pixel-rain,ITBS - T - Pixel Rain,missing,,,,unknown,mode,Arimuri,NOASSERTION,check,,,,community:Arimuri/SHRTY/ITBS - T - Pixel Rain,https://github.com/Arimuri/SHRTY/blob/main/data/Modes/ITBS%20-%20T%20-%20Pixel%20Rain/main.py
itbs-t-pop-rings,ITBS - T - Pop Rings,missing,,,,unknown,mode,Arimuri,NOASSERTION,check,,,,community:Arimuri/SHRTY/ITBS - T - Pop Rings,https://github.com/Arimuri/SHRTY/blob/main/data/Modes/ITBS%20-%20T%20-%20Pop%20Rings/main.py
itbs-t-star-burst,ITBS - T - Star Burst,missing,,,,unknown,mode,Arimuri,NOASSERTION,check,,,,community:Arimuri/SHRTY/ITBS - T - Star Burst,https://github.com/Arimuri/SHRTY/blob/main/data/Modes/ITBS%20-%20T%20-%20Star%20Burst/main.py
itbs-t-torn-edge,ITBS - T - Torn Edge,missing,,,,unknown,mode,Arimuri,NOASSERTION,check,,,,community:Arimuri/SHRTY/ITBS - T - Torn Edge,https://github.com/Arimuri/SHRTY/blob/main/data/Modes/ITBS%20-%20T%20-%20Torn%20Edge/main.py
line-bounce-four-lfo-alternate,S - Line Bounce Four - LFO Alternate,missing,,,,unknown;v3-pygame,mode,Arimuri;Critter & Guitari;jeromedagustin,BSD-2-Clause;NOASSERTION,check;permissive,,,,community:Arimuri/SHRTY/S - Line Bounce Four - LFO Alternate;community:jeromedagustin/eyesy_projects/S - Line Bounce Four - LFO Alternate;github-stock:EYESY_Modes_OSv3/S - Line Bounce Four - LFO Alternate,https://github.com/Arimuri/SHRTY/blob/main/data/Modes/S%20-%20Line%20Bounce%20Four%20-%20LFO%20Alternate/main.py;https://github.com/critterandguitari/EYESY_Modes_OSv3/blob/main/S%20-%20Line%20Bounce%20Four%20-%20LFO%20Alternate/main.py;https://github.com/jeromedagustin/eyesy_projects/blob/main/examples/scopes/S%20-%20Line%20Bounce%20Four%20-%20LFO%20Alternate/main.py
line-bounce-two-lfo-alternate,S - Line Bounce Two - LFO Alternate,missing,,,,unknown;v3-pygame,mode,Arimuri;Critter & Guitari;jeromedagustin,BSD-2-Clause;NOASSERTION,check;permissive,,,,community:Arimuri/SHRTY/S - Line Bounce Two - LFO Alternate;community:jeromedagustin/eyesy_projects/S - Line Bounce Two - LFO Alternate;github-stock:EYESY_Modes_OSv3/S - Line Bounce Two - LFO Alternate,https://github.com/Arimuri/SHRTY/blob/main/data/Modes/S%20-%20Line%20Bounce%20Two%20-%20LFO%20Alternate/main.py;https://github.com/critterandguitari/EYESY_Modes_OSv3/blob/main/S%20-%20Line%20Bounce%20Two%20-%20LFO%20Alternate/main.py;https://github.com/jeromedagustin/eyesy_projects/blob/main/examples/scopes/S%20-%20Line%20Bounce%20Two%20-%20LFO%20Alternate/main.py
line-rotate-trails,T - Line Rotate - Trails,missing,,,,unknown;v2-pygame;v3-pygame,mode,Arimuri;Critter & Guitari;hdesoyres;jeromedagustin;pmerienne,BSD-2-Clause;NOASSERTION,check;permissive,,,,community:Arimuri/SHRTY/T - Line Rotate - Trails;community:hdesoyres/eyesy-modes/T - Line Rotate-Trails;community:jeromedagustin/eyesy_projects/T - Line Rotate - Trails;community:pmerienne/eyesy-modes/T - Line Rotate-Trails;github-stock:EYESY_Modes_OSv3/T - Line Rotate - Trails;github-stock:EYESY_Modes_Pygame/T - Line Rotate-Trails,https://github.com/Arimuri/SHRTY/blob/main/data/Modes/T%20-%20Line%20Rotate%20-%20Trails/main.py;https://github.com/critterandguitari/EYESY_Modes_OSv3/blob/main/T%20-%20Line%20Rotate%20-%20Trails/main.py;https://github.com/critterandguitari/EYESY_Modes_Pygame/blob/master/T%20-%20Line%20Rotate-Trails/main.py;https://github.com/hdesoyres/eyesy-modes/blob/master/Modes/Python/T%20-%20Line%20Rotate-Trails/main.py;https://github.com/jeromedagustin/eyesy_projects/blob/main/examples/triggers/T%20-%20Line%20Rotate%20-%20Trails/main.py;https://github.com/pmerienne/eyesy-modes/blob/main/Modes/Python/T%20-%20Line%20Rotate-Trails/main.py
line-traveller,S - Line Traveller,missing,,,,unknown;v2-pygame;v3-pygame,mode,Arimuri;Critter & Guitari;hdesoyres;jeromedagustin;pmerienne,BSD-2-Clause;NOASSERTION,check;permissive,,,,community:Arimuri/SHRTY/S - Line Traveller;community:hdesoyres/eyesy-modes/S - Line Traveller;community:jeromedagustin/eyesy_projects/S - Line Traveller;community:pmerienne/eyesy-modes/S - Line Traveller;github-stock:EYESY_Modes_OSv3/S - Line Traveller;github-stock:EYESY_Modes_Pygame/S - Line Traveller,https://github.com/Arimuri/SHRTY/blob/main/data/Modes/S%20-%20Line%20Traveller/main.py;https://github.com/critterandguitari/EYESY_Modes_OSv3/blob/main/S%20-%20Line%20Traveller/main.py;https://github.com/critterandguitari/EYESY_Modes_Pygame/blob/master/S%20-%20Line%20Traveller/main.py;https://github.com/hdesoyres/eyesy-modes/blob/master/Modes/Python/S%20-%20Line%20Traveller/main.py;https://github.com/jeromedagustin/eyesy_projects/blob/main/examples/scopes/S%20-%20Line%20Traveller/main.py;https://github.com/pmerienne/eyesy-modes/blob/main/Modes/Python/S%20-%20Line%20Traveller/main.py
magnify-cloud-lfo,T - Magnify Cloud - LFO,missing,,,,unknown;v2-pygame;v3-pygame,mode,Arimuri;Critter & Guitari;hdesoyres;jeromedagustin;pmerienne,BSD-2-Clause;NOASSERTION,check;permissive,,,,community:Arimuri/SHRTY/T - Magnify Cloud - LFO;community:hdesoyres/eyesy-modes/T - Magnify Cloud - LFO;community:jeromedagustin/eyesy_projects/T - Magnify Cloud - LFO;community:pmerienne/eyesy-modes/T - Magnify Cloud - LFO;github-stock:EYESY_Modes_OSv3/T - Magnify Cloud - LFO;github-stock:EYESY_Modes_Pygame/T - Magnify Cloud - LFO,https://github.com/Arimuri/SHRTY/blob/main/data/Modes/T%20-%20Magnify%20Cloud%20-%20LFO/main.py;https://github.com/critterandguitari/EYESY_Modes_OSv3/blob/main/T%20-%20Magnify%20Cloud%20-%20LFO/main.py;https://github.com/critterandguitari/EYESY_Modes_Pygame/blob/master/T%20-%20Magnify%20Cloud%20-%20LFO/main.py;https://github.com/hdesoyres/eyesy-modes/blob/master/Modes/Python/T%20-%20Magnify%20Cloud%20-%20LFO/main.py;https://github.com/jeromedagustin/eyesy_projects/blob/main/examples/triggers/T%20-%20Magnify%20Cloud%20-%20LFO/main.py;https://github.com/pmerienne/eyesy-modes/blob/main/Modes/Python/T%20-%20Magnify%20Cloud%20-%20LFO/main.py
marching-four-image,T - Marching Four - Image,missing,,,,unknown;v3-pygame,mode,Arimuri;Critter & Guitari;jeromedagustin,BSD-2-Clause;NOASSERTION,check;permissive,,,,community:Arimuri/SHRTY/T - Marching Four - Image;community:jeromedagustin/eyesy_projects/T - Marching Four - Image;github-stock:EYESY_Modes_OSv3/T - Marching Four - Image,https://github.com/Arimuri/SHRTY/blob/main/data/Modes/T%20-%20Marching%20Four%20-%20Image/main.py;https://github.com/critterandguitari/EYESY_Modes_OSv3/blob/main/T%20-%20Marching%20Four%20-%20Image/main.py;https://github.com/jeromedagustin/eyesy_projects/blob/main/examples/triggers/T%20-%20Marching%20Four%20-%20Image/main.py
migrating-circle-grids,T - Migrating Circle Grids,missing,,,,unknown;v2-pygame;v3-pygame,mode,Arimuri;Critter & Guitari;hdesoyres;jeromedagustin;pmerienne,BSD-2-Clause;NOASSERTION,check;permissive,,,,community:Arimuri/SHRTY/T - Migrating Circle Grids;community:hdesoyres/eyesy-modes/T - Migrating Circle Grids;community:jeromedagustin/eyesy_projects/T - Migrating Circle Grids;community:pmerienne/eyesy-modes/T - Migrating Circle Grids;github-stock:EYESY_Modes_OSv3/T - Migrating Circle Grids;github-stock:EYESY_Modes_Pygame/T - Migrating Circle Grids,https://github.com/Arimuri/SHRTY/blob/main/data/Modes/T%20-%20Migrating%20Circle%20Grids/main.py;https://github.com/critterandguitari/EYESY_Modes_OSv3/blob/main/T%20-%20Migrating%20Circle%20Grids/main.py;https://github.com/critterandguitari/EYESY_Modes_Pygame/blob/master/T%20-%20Migrating%20Circle%20Grids/main.py;https://github.com/hdesoyres/eyesy-modes/blob/master/Modes/Python/T%20-%20Migrating%20Circle%20Grids/main.py;https://github.com/jeromedagustin/eyesy_projects/blob/main/examples/triggers/T%20-%20Migrating%20Circle%20Grids/main.py;https://github.com/pmerienne/eyesy-modes/blob/main/Modes/Python/T%20-%20Migrating%20Circle%20Grids/main.py
mirror-grid,S - Mirror Grid,missing,,,,unknown;v2-pygame;v3-pygame,mode,Arimuri;Critter & Guitari;hdesoyres;jeromedagustin;pmerienne,BSD-2-Clause;NOASSERTION,check;permissive,,,,community:Arimuri/SHRTY/S - Mirror Grid;community:hdesoyres/eyesy-modes/S - Mirror Grid;community:jeromedagustin/eyesy_projects/S - Mirror Grid;community:pmerienne/eyesy-modes/S - Mirror Grid;github-stock:EYESY_Modes_OSv3/S - Mirror Grid;github-stock:EYESY_Modes_Pygame/S - Mirror Grid,https://github.com/Arimuri/SHRTY/blob/main/data/Modes/S%20-%20Mirror%20Grid/main.py;https://github.com/critterandguitari/EYESY_Modes_OSv3/blob/main/S%20-%20Mirror%20Grid/main.py;https://github.com/critterandguitari/EYESY_Modes_Pygame/blob/master/S%20-%20Mirror%20Grid/main.py;https://github.com/hdesoyres/eyesy-modes/blob/master/Modes/Python/S%20-%20Mirror%20Grid/main.py;https://github.com/jeromedagustin/eyesy_projects/blob/main/examples/scopes/S%20-%20Mirror%20Grid/main.py;https://github.com/pmerienne/eyesy-modes/blob/main/Modes/Python/S%20-%20Mirror%20Grid/main.py
mirror-grid-inverse,S - Mirror Grid - Inverse,missing,,,,unknown;v2-pygame;v3-pygame,mode,Arimuri;Critter & Guitari;hdesoyres;jeromedagustin;pmerienne,BSD-2-Clause;NOASSERTION,check;permissive,,,,community:Arimuri/SHRTY/S - Mirror Grid - Inverse;community:hdesoyres/eyesy-modes/S - Mirror Grid Inverse;community:jeromedagustin/eyesy_projects/S - Mirror Grid - Inverse;community:pmerienne/eyesy-modes/S - Mirror Grid Inverse;github-stock:EYESY_Modes_OSv3/S - Mirror Grid - Inverse;github-stock:EYESY_Modes_Pygame/S - Mirror Grid Inverse,https://github.com/Arimuri/SHRTY/blob/main/data/Modes/S%20-%20Mirror%20Grid%20-%20Inverse/main.py;https://github.com/critterandguitari/EYESY_Modes_OSv3/blob/main/S%20-%20Mirror%20Grid%20-%20Inverse/main.py;https://github.com/critterandguitari/EYESY_Modes_Pygame/blob/master/S%20-%20Mirror%20Grid%20Inverse/main.py;https://github.com/hdesoyres/eyesy-modes/blob/master/Modes/Python/S%20-%20Mirror%20Grid%20Inverse/main.py;https://github.com/jeromedagustin/eyesy_projects/blob/main/examples/scopes/S%20-%20Mirror%20Grid%20-%20Inverse/main.py;https://github.com/pmerienne/eyesy-modes/blob/main/Modes/Python/S%20-%20Mirror%20Grid%20Inverse/main.py
origami-triangles,T - Origami Triangles,missing,,,,unknown;v2-pygame;v3-pygame,mode,Arimuri;Critter & Guitari;hdesoyres;jeromedagustin;pmerienne,BSD-2-Clause;NOASSERTION,check;permissive,,,,community:Arimuri/SHRTY/T - Origami Triangles;community:hdesoyres/eyesy-modes/T - Origami Triangles;community:jeromedagustin/eyesy_projects/T - Origami Triangles;community:pmerienne/eyesy-modes/T - Origami Triangles;github-stock:EYESY_Modes_OSv3/T - Origami Triangles;github-stock:EYESY_Modes_Pygame/T - Origami Triangles,https://github.com/Arimuri/SHRTY/blob/main/data/Modes/T%20-%20Origami%20Triangles/main.py;https://github.com/critterandguitari/EYESY_Modes_OSv3/blob/main/T%20-%20Origami%20Triangles/main.py;https://github.com/critterandguitari/EYESY_Modes_Pygame/blob/master/T%20-%20Origami%20Triangles/main.py;https://github.com/hdesoyres/eyesy-modes/blob/master/Modes/Python/T%20-%20Origami%20Triangles/main.py;https://github.com/jeromedagustin/eyesy_projects/blob/main/examples/triggers/T%20-%20Origami%20Triangles/main.py;https://github.com/pmerienne/eyesy-modes/blob/main/Modes/Python/T%20-%20Origami%20Triangles/main.py
oscilloscope,S - Oscilloscope,missing,,,,unknown;v2-pygame;v3-pygame,mode,Arimuri;Critter & Guitari;hdesoyres;jeromedagustin;pmerienne,BSD-2-Clause;NOASSERTION,check;permissive,,,,community:Arimuri/SHRTY/S - Oscilloscope;community:hdesoyres/eyesy-modes/S - Oscilloscope;community:jeromedagustin/eyesy_projects/S - Oscilloscope;community:pmerienne/eyesy-modes/S - Oscilloscope;github-stock:EYESY_Modes_OSv3/S - Oscilloscope;github-stock:EYESY_Modes_Pygame/S - Oscilloscope,https://github.com/Arimuri/SHRTY/blob/main/data/Modes/S%20-%20Oscilloscope/main.py;https://github.com/critterandguitari/EYESY_Modes_OSv3/blob/main/S%20-%20Oscilloscope/main.py;https://github.com/critterandguitari/EYESY_Modes_Pygame/blob/master/S%20-%20Oscilloscope/main.py;https://github.com/hdesoyres/eyesy-modes/blob/master/Modes/Python/S%20-%20Oscilloscope/main.py;https://github.com/jeromedagustin/eyesy_projects/blob/main/examples/scopes/S%20-%20Oscilloscope/main.py;https://github.com/pmerienne/eyesy-modes/blob/main/Modes/Python/S%20-%20Oscilloscope/main.py
particle-rain,S - Particle Rain,missing,,,,unknown,mode,Arimuri,NOASSERTION,check,,,,community:Arimuri/SHRTY/S - Particle Rain,https://github.com/Arimuri/SHRTY/blob/main/data/Modes/S%20-%20Particle%20Rain/main.py
perspective-lines,S - Perspective Lines,missing,,,,unknown;v2-pygame;v3-pygame,mode,Arimuri;Critter & Guitari;hdesoyres;jeromedagustin;pmerienne,BSD-2-Clause;NOASSERTION,check;permissive,,,,community:Arimuri/SHRTY/S - Perspective Lines;community:hdesoyres/eyesy-modes/S - Perspective Lines;community:jeromedagustin/eyesy_projects/S - Perspective Lines;community:pmerienne/eyesy-modes/S - Perspective Lines;github-stock:EYESY_Modes_OSv3/S - Perspective Lines;github-stock:EYESY_Modes_Pygame/S - Perspective Lines,https://github.com/Arimuri/SHRTY/blob/main/data/Modes/S%20-%20Perspective%20Lines/main.py;https://github.com/critterandguitari/EYESY_Modes_OSv3/blob/main/S%20-%20Perspective%20Lines/main.py;https://github.com/critterandguitari/EYESY_Modes_Pygame/blob/master/S%20-%20Perspective%20Lines/main.py;https://github.com/hdesoyres/eyesy-modes/blob/master/Modes/Python/S%20-%20Perspective%20Lines/main.py;https://github.com/jeromedagustin/eyesy_projects/blob/main/examples/scopes/S%20-%20Perspective%20Lines/main.py;https://github.com/pmerienne/eyesy-modes/blob/main/Modes/Python/S%20-%20Perspective%20Lines/main.py
radial-scope-rotate-stepped-color,S - Radial Scope - Rotate Stepped Color,missing,,,,unknown;v3-pygame,mode,Arimuri;Critter & Guitari;jeromedagustin,BSD-2-Clause;NOASSERTION,check;permissive,,,,community:Arimuri/SHRTY/S - Radial Scope - Rotate Stepped Color;community:jeromedagustin/eyesy_projects/S - Radial Scope - Rotate Stepped Color;github-stock:EYESY_Modes_OSv3/S - Radial Scope - Rotate Stepped Color,https://github.com/Arimuri/SHRTY/blob/main/data/Modes/S%20-%20Radial%20Scope%20-%20Rotate%20Stepped%20Color/main.py;https://github.com/critterandguitari/EYESY_Modes_OSv3/blob/main/S%20-%20Radial%20Scope%20-%20Rotate%20Stepped%20Color/main.py;https://github.com/jeromedagustin/eyesy_projects/blob/main/examples/scopes/S%20-%20Radial%20Scope%20-%20Rotate%20Stepped%20Color/main.py
radial-scope-rotate-uniform-color,S - Radial Scope - Rotate Uniform Color,missing,,,,unknown;v3-pygame,mode,Arimuri;Critter & Guitari;jeromedagustin,BSD-2-Clause;NOASSERTION,check;permissive,,,,community:Arimuri/SHRTY/S - Radial Scope - Rotate Uniform Color;community:jeromedagustin/eyesy_projects/S - Radial Scope - Rotate Uniform Color;github-stock:EYESY_Modes_OSv3/S - Radial Scope - Rotate Uniform Color,https://github.com/Arimuri/SHRTY/blob/main/data/Modes/S%20-%20Radial%20Scope%20-%20Rotate%20Uniform%20Color/main.py;https://github.com/critterandguitari/EYESY_Modes_OSv3/blob/main/S%20-%20Radial%20Scope%20-%20Rotate%20Uniform%20Color/main.py;https://github.com/jeromedagustin/eyesy_projects/blob/main/examples/scopes/S%20-%20Radial%20Scope%20-%20Rotate%20Uniform%20Color/main.py
radiating-square-stepped-color,S - Radiating Square - Stepped Color,missing,,,,unknown;v3-pygame,mode,Arimuri;Critter & Guitari;jeromedagustin,BSD-2-Clause;NOASSERTION,check;permissive,,,,community:Arimuri/SHRTY/S - Radiating Square - Stepped Color;community:jeromedagustin/eyesy_projects/S - Radiating Square - Stepped Color;github-stock:EYESY_Modes_OSv3/S - Radiating Square - Stepped Color,https://github.com/Arimuri/SHRTY/blob/main/data/Modes/S%20-%20Radiating%20Square%20-%20Stepped%20Color/main.py;https://github.com/critterandguitari/EYESY_Modes_OSv3/blob/main/S%20-%20Radiating%20Square%20-%20Stepped%20Color/main.py;https://github.com/jeromedagustin/eyesy_projects/blob/main/examples/scopes/S%20-%20Radiating%20Square%20-%20Stepped%20Color/main.py
radiating-square-uniform-color,S - Radiating Square - Uniform Color,missing,,,,unknown;v3-pygame,mode,Arimuri;Critter & Guitari;jeromedagustin,BSD-2-Clause;NOASSERTION,check;permissive,,,,community:Arimuri/SHRTY/S - Radiating Square - Uniform Color;community:jeromedagustin/eyesy_projects/S - Radiating Square - Uniform Color;github-stock:EYESY_Modes_OSv3/S - Radiating Square - Uniform Color,https://github.com/Arimuri/SHRTY/blob/main/data/Modes/S%20-%20Radiating%20Square%20-%20Uniform%20Color/main.py;https://github.com/critterandguitari/EYESY_Modes_OSv3/blob/main/S%20-%20Radiating%20Square%20-%20Uniform%20Color/main.py;https://github.com/jeromedagustin/eyesy_projects/blob/main/examples/scopes/S%20-%20Radiating%20Square%20-%20Uniform%20Color/main.py
reckie,T - Reckie,missing,,,,unknown;v2-pygame;v3-pygame,mode,Arimuri;Critter & Guitari;hdesoyres;jeromedagustin;pmerienne,BSD-2-Clause;NOASSERTION,check;permissive,,,,community:Arimuri/SHRTY/T - Reckie;community:hdesoyres/eyesy-modes/T - Reckie;community:jeromedagustin/eyesy_projects/T - Reckie;community:pmerienne/eyesy-modes/T - Reckie;github-stock:EYESY_Modes_OSv3/T - Reckie;github-stock:EYESY_Modes_Pygame/T - Reckie,https://github.com/Arimuri/SHRTY/blob/main/data/Modes/T%20-%20Reckie/main.py;https://github.com/critterandguitari/EYESY_Modes_OSv3/blob/main/T%20-%20Reckie/main.py;https://github.com/critterandguitari/EYESY_Modes_Pygame/blob/master/T%20-%20Reckie/main.py;https://github.com/hdesoyres/eyesy-modes/blob/master/Modes/Python/T%20-%20Reckie/main.py;https://github.com/jeromedagustin/eyesy_projects/blob/main/examples/triggers/T%20-%20Reckie/main.py;https://github.com/pmerienne/eyesy-modes/blob/main/Modes/Python/T%20-%20Reckie/main.py
slideshow-grid-ag-alpha,T - Slideshow Grid-AG-Alpha,missing,,,,unknown;v2-pygame;v3-pygame,mode,Arimuri;Critter & Guitari;hdesoyres;jeromedagustin;pmerienne,BSD-2-Clause;NOASSERTION,check;permissive,,,,community:Arimuri/SHRTY/T - Slideshow Grid-AG-Alpha;community:hdesoyres/eyesy-modes/T - Slideshow Grid-AG-Alpha;community:jeromedagustin/eyesy_projects/T - Slideshow Grid-AG-Alpha;community:pmerienne/eyesy-modes/T - Slideshow Grid-AG-Alpha;github-stock:EYESY_Modes_OSv3/T - Slideshow Grid-AG-Alpha;github-stock:EYESY_Modes_Pygame/T - Slideshow Grid-AG-Alpha,https://github.com/Arimuri/SHRTY/blob/main/data/Modes/T%20-%20Slideshow%20Grid-AG-Alpha/main.py;https://github.com/critterandguitari/EYESY_Modes_OSv3/blob/main/T%20-%20Slideshow%20Grid-AG-Alpha/main.py;https://github.com/critterandguitari/EYESY_Modes_Pygame/blob/master/T%20-%20Slideshow%20Grid-AG-Alpha/main.py;https://github.com/hdesoyres/eyesy-modes/blob/master/Modes/Python/T%20-%20Slideshow%20Grid-AG-Alpha/main.py;https://github.com/jeromedagustin/eyesy_projects/blob/main/examples/triggers/T%20-%20Slideshow%20Grid-AG-Alpha/main.py;https://github.com/pmerienne/eyesy-modes/blob/main/Modes/Python/T%20-%20Slideshow%20Grid-AG-Alpha/main.py
sound-jaws-stepped-color,S - Sound Jaws - Stepped Color,missing,,,,unknown;v3-pygame,mode,Arimuri;Critter & Guitari;jeromedagustin,BSD-2-Clause;NOASSERTION,check;permissive,,,,community:Arimuri/SHRTY/S - Sound Jaws - Stepped Color;community:jeromedagustin/eyesy_projects/S - Sound Jaws - Stepped Color;github-stock:EYESY_Modes_OSv3/S - Sound Jaws - Stepped Color,https://github.com/Arimuri/SHRTY/blob/main/data/Modes/S%20-%20Sound%20Jaws%20-%20Stepped%20Color/main.py;https://github.com/critterandguitari/EYESY_Modes_OSv3/blob/main/S%20-%20Sound%20Jaws%20-%20Stepped%20Color/main.py;https://github.com/jeromedagustin/eyesy_projects/blob/main/examples/scopes/S%20-%20Sound%20Jaws%20-%20Stepped%20Color/main.py
sound-jaws-uniform-color,S - Sound Jaws - Uniform Color,missing,,,,unknown;v3-pygame,mode,Arimuri;Critter & Guitari;jeromedagustin,BSD-2-Clause;NOASSERTION,check;permissive,,,,community:Arimuri/SHRTY/S - Sound Jaws - Uniform Color;community:jeromedagustin/eyesy_projects/S - Sound Jaws - Uniform Color;github-stock:EYESY_Modes_OSv3/S - Sound Jaws - Uniform Color,https://github.com/Arimuri/SHRTY/blob/main/data/Modes/S%20-%20Sound%20Jaws%20-%20Uniform%20Color/main.py;https://github.com/critterandguitari/EYESY_Modes_OSv3/blob/main/S%20-%20Sound%20Jaws%20-%20Uniform%20Color/main.py;https://github.com/jeromedagustin/eyesy_projects/blob/main/examples/scopes/S%20-%20Sound%20Jaws%20-%20Uniform%20Color/main.py
square-shadows-uniform-color,S - Square Shadows - Uniform Color,missing,,,,unknown;v3-pygame,mode,Arimuri;Critter & Guitari;jeromedagustin,BSD-2-Clause;NOASSERTION,check;permissive,,,,community:Arimuri/SHRTY/S - Square Shadows - Uniform Color;community:jeromedagustin/eyesy_projects/S - Square Shadows - Uniform Color;github-stock:EYESY_Modes_OSv3/S - Square Shadows - Uniform Color,https://github.com/Arimuri/SHRTY/blob/main/data/Modes/S%20-%20Square%20Shadows%20-%20Uniform%20Color/main.py;https://github.com/critterandguitari/EYESY_Modes_OSv3/blob/main/S%20-%20Square%20Shadows%20-%20Uniform%20Color/main.py;https://github.com/jeromedagustin/eyesy_projects/blob/main/examples/scopes/S%20-%20Square%20Shadows%20-%20Uniform%20Color/main.py
test-mode,test-mode,missing,,,,unknown,mode,notmatthancock,MIT,permissive,,,,community:notmatthancock/eyesim/test-mode,https://github.com/notmatthancock/eyesim/blob/main/eyesim/test-mode/main.py
three-scopes,S - Three Scopes,missing,,,,unknown;v2-pygame;v3-pygame,mode,Arimuri;Critter & Guitari;hdesoyres;jeromedagustin;pmerienne,BSD-2-Clause;NOASSERTION,check;permissive,,,,community:Arimuri/SHRTY/S - Three Scopes;community:hdesoyres/eyesy-modes/S - Three Scopes;community:jeromedagustin/eyesy_projects/S - Three Scopes;community:pmerienne/eyesy-modes/S - Three Scopes;github-stock:EYESY_Modes_OSv3/S - Three Scopes;github-stock:EYESY_Modes_Pygame/S - Three Scopes,https://github.com/Arimuri/SHRTY/blob/main/data/Modes/S%20-%20Three%20Scopes/main.py;https://github.com/critterandguitari/EYESY_Modes_OSv3/blob/main/S%20-%20Three%20Scopes/main.py;https://github.com/critterandguitari/EYESY_Modes_Pygame/blob/master/S%20-%20Three%20Scopes/main.py;https://github.com/hdesoyres/eyesy-modes/blob/master/Modes/Python/S%20-%20Three%20Scopes/main.py;https://github.com/jeromedagustin/eyesy_projects/blob/main/examples/scopes/S%20-%20Three%20Scopes/main.py;https://github.com/pmerienne/eyesy-modes/blob/main/Modes/Python/S%20-%20Three%20Scopes/main.py
trigon-traveller,T - Trigon Traveller,missing,,,,unknown;v2-pygame;v3-pygame,mode,Arimuri;Critter & Guitari;hdesoyres;jeromedagustin;pmerienne,BSD-2-Clause;NOASSERTION,check;permissive,,,,community:Arimuri/SHRTY/T - Trigon Traveller;community:hdesoyres/eyesy-modes/T- Trigon Traveller;community:jeromedagustin/eyesy_projects/T - Trigon Traveller;community:pmerienne/eyesy-modes/T- Trigon Traveller;github-stock:EYESY_Modes_OSv3/T - Trigon Traveller;github-stock:EYESY_Modes_Pygame/T- Trigon Traveller,https://github.com/Arimuri/SHRTY/blob/main/data/Modes/T%20-%20Trigon%20Traveller/main.py;https://github.com/critterandguitari/EYESY_Modes_OSv3/blob/main/T%20-%20Trigon%20Traveller/main.py;https://github.com/critterandguitari/EYESY_Modes_Pygame/blob/master/T-%20Trigon%20Traveller/main.py;https://github.com/hdesoyres/eyesy-modes/blob/master/Modes/Python/T-%20Trigon%20Traveller/main.py;https://github.com/jeromedagustin/eyesy_projects/blob/main/examples/triggers/T%20-%20Trigon%20Traveller/main.py;https://github.com/pmerienne/eyesy-modes/blob/main/Modes/Python/T-%20Trigon%20Traveller/main.py
two-scopes,S - Two Scopes,missing,,,,unknown;v2-pygame;v3-pygame,mode,Arimuri;Critter & Guitari;hdesoyres;jeromedagustin;pmerienne,BSD-2-Clause;NOASSERTION,check;permissive,,,,community:Arimuri/SHRTY/S - Two Scopes;community:hdesoyres/eyesy-modes/S - Two Scopes;community:jeromedagustin/eyesy_projects/S - Two Scopes;community:pmerienne/eyesy-modes/S - Two Scopes;github-stock:EYESY_Modes_OSv3/S - Two Scopes;github-stock:EYESY_Modes_Pygame/S - Two Scopes,https://github.com/Arimuri/SHRTY/blob/main/data/Modes/S%20-%20Two%20Scopes/main.py;https://github.com/critterandguitari/EYESY_Modes_OSv3/blob/main/S%20-%20Two%20Scopes/main.py;https://github.com/critterandguitari/EYESY_Modes_Pygame/blob/master/S%20-%20Two%20Scopes/main.py;https://github.com/hdesoyres/eyesy-modes/blob/master/Modes/Python/S%20-%20Two%20Scopes/main.py;https://github.com/jeromedagustin/eyesy_projects/blob/main/examples/scopes/S%20-%20Two%20Scopes/main.py;https://github.com/pmerienne/eyesy-modes/blob/main/Modes/Python/S%20-%20Two%20Scopes/main.py
waveform,S - Waveform,missing,,,,unknown,mode,Arimuri,NOASSERTION,check,,,,community:Arimuri/SHRTY/S - Waveform,https://github.com/Arimuri/SHRTY/blob/main/data/Modes/S%20-%20Waveform/main.py
x-scope,S - X Scope,missing,,,,unknown;v3-pygame,mode,Arimuri;Critter & Guitari;jeromedagustin,BSD-2-Clause;NOASSERTION,check;permissive,,,,community:Arimuri/SHRTY/S - X Scope;community:jeromedagustin/eyesy_projects/S - X Scope;github-stock:EYESY_Modes_OSv3/S - X Scope,https://github.com/Arimuri/SHRTY/blob/main/data/Modes/S%20-%20X%20Scope/main.py;https://github.com/critterandguitari/EYESY_Modes_OSv3/blob/main/S%20-%20X%20Scope/main.py;https://github.com/jeromedagustin/eyesy_projects/blob/main/examples/scopes/S%20-%20X%20Scope/main.py
zoom-scope,S - Zoom Scope,missing,,,,unknown;v2-pygame;v3-pygame,mode,Arimuri;Critter & Guitari;hdesoyres;jeromedagustin;pmerienne,BSD-2-Clause;NOASSERTION,check;permissive,,,,community:Arimuri/SHRTY/S - Zoom Scope;community:hdesoyres/eyesy-modes/S - Zoom Scope;community:jeromedagustin/eyesy_projects/S - Zoom Scope;community:pmerienne/eyesy-modes/S - Zoom Scope;github-stock:EYESY_Modes_OSv3/S - Zoom Scope;github-stock:EYESY_Modes_Pygame/S - Zoom Scope,https://github.com/Arimuri/SHRTY/blob/main/data/Modes/S%20-%20Zoom%20Scope/main.py;https://github.com/critterandguitari/EYESY_Modes_OSv3/blob/main/S%20-%20Zoom%20Scope/main.py;https://github.com/critterandguitari/EYESY_Modes_Pygame/blob/master/S%20-%20Zoom%20Scope/main.py;https://github.com/hdesoyres/eyesy-modes/blob/master/Modes/Python/S%20-%20Zoom%20Scope/main.py;https://github.com/jeromedagustin/eyesy_projects/blob/main/examples/scopes/S%20-%20Zoom%20Scope/main.py;https://github.com/pmerienne/eyesy-modes/blob/main/Modes/Python/S%20-%20Zoom%20Scope/main.py
branded-backdrop,T - Branded Backdrop,missing,not-worth,,,unknown;v2-pygame;v3-pygame,mode,Martin Defatte;guerrilladigital,"BSD 2-Clause ""Simplified"" License;BSD 2-Clause (see LICENSE in project root)",copyleft;permissive,60,357,1,patchstorage:t-branded-backdrop;patchstorage:t-branded-backdrop-2;pysey:modes/V2/T - Branded Backdrop;pysey:modes/V3/T - Branded Backdrop,https://github.com/martindefatte/pysey/blob/master/modes/V2/T%20-%20Branded%20Backdrop/main.py;https://github.com/martindefatte/pysey/blob/master/modes/V3/T%20-%20Branded%20Backdrop/main.py;https://patchstorage.com/t-branded-backdrop-2/;https://patchstorage.com/t-branded-backdrop/
words,T - Words,missing,not-worth,,,unknown;v2-pygame;v3-pygame,mode,Martin Defatte;guerrilladigital,"BSD 2-Clause ""Simplified"" License;BSD 2-Clause (see LICENSE in project root)",copyleft;permissive,55,371,1,patchstorage:t-words;patchstorage:t-words-2;pysey:modes/V2/T - Words;pysey:modes/V3/T - Words,https://github.com/martindefatte/pysey/blob/master/modes/V2/T%20-%20Words/main.py;https://github.com/martindefatte/pysey/blob/master/modes/V3/T%20-%20Words/main.py;https://patchstorage.com/t-words-2/;https://patchstorage.com/t-words/
smpte-standby,T - SMPTE Standby,missing,not-worth,,,unknown;v2-pygame;v3-pygame,mode,Martin Defatte;guerrilladigital,"BSD 2-Clause ""Simplified"" License;BSD 2-Clause (see LICENSE in project root)",copyleft;permissive,54,407,4,patchstorage:t-smpte-standby;patchstorage:t-smpte-standby-2;pysey:modes/V2/T - SMPTE Standby;pysey:modes/V3/T - SMPTE Standby,https://github.com/martindefatte/pysey/blob/master/modes/V2/T%20-%20SMPTE%20Standby/main.py;https://github.com/martindefatte/pysey/blob/master/modes/V3/T%20-%20SMPTE%20Standby/main.py;https://patchstorage.com/t-smpte-standby-2/;https://patchstorage.com/t-smpte-standby/
hertsi,S - Hertsi,missing,ok,,,unknown,mode,Silicon_Carne;twang69,European Union Public License 1.1,check,85,477,3,community:twang69/hertsi/hertsi;patchstorage:s-hertsi,https://codeberg.org/twang69/hertsi/src/branch/main/main.py;https://patchstorage.com/s-hertsi/
twocirclescope,TwoCircleScope,missing-copyleft,,,,v1-of-lua,mode,okyeron,Creative Commons Attribution Share Alike 4.0,copyleft,666,1350,12,community:okyeron/EYESY_oFLua_Modes/TwoCircleScope;patchstorage:twocirclescope,https://github.com/okyeron/EYESY_oFLua_Modes/blob/main/TwoCircleScope/main.lua;https://patchstorage.com/twocirclescope/
boxwalk,Boxwalk,missing-copyleft,,,,v1-of-lua,mode,okyeron,Creative Commons Attribution Share Alike 4.0,copyleft,522,1025,6,patchstorage:boxwalk,https://patchstorage.com/boxwalk/
spirocircles,spirocircles,missing-copyleft,,,,v1-of-lua,mode,okyeron,Creative Commons Attribution Share Alike 4.0,copyleft,447,798,6,patchstorage:spirocircles,https://patchstorage.com/spirocirlces/
spirograph,Spirograph,missing-copyleft,,,,unknown;v1-of-lua,mode,Tele__visioneS;okyeron,Creative Commons Attribution Share Alike 4.0;Creative Commons license family,check;copyleft,443,978,6,community:okyeron/EYESY_oFLua_Modes/spirograph;patchstorage:spirograph;patchstorage:spirograph-2,https://github.com/okyeron/EYESY_oFLua_Modes/blob/main/spirograph/main.lua;https://patchstorage.com/spirograph-2/;https://patchstorage.com/spirograph/
dancing-image-triggered,Dancing Image Triggered,missing-copyleft,,,,unknown,mode,jjdeprisco,Creative Commons Attribution Share Alike 4.0,copyleft,335,903,6,patchstorage:dancing-image-triggered,https://patchstorage.com/dancing-image-triggered/
one-line-spins,S - One Line Spins,missing-copyleft,,,,unknown,mode,DudeTheDev,Open Software License 3.0,copyleft,204,748,5,patchstorage:s-one-line-spins,https://patchstorage.com/s-one-line-spins/
eyesy-knobulator-v-44a,Eyesy Knobulator 👁️ v.44a!,missing-copyleft,,,,unknown,mode,Turbulent Resonant Colon,Creative Commons Attribution Share Alike 4.0,copyleft,172,2587,4,patchstorage:eyesy-knobulator-👁️-v-44a,https://patchstorage.com/eyesyos-emulator-%f0%9f%91%81%ef%b8%8f/
colored-rectangles,Colored Rectangles,missing-copyleft,,,,unknown,mode,jbohn,Creative Commons Attribution Share Alike 4.0,copyleft,136,866,2,patchstorage:colored-rectangles,https://patchstorage.com/colored-rectangles/
parked-car,T - Parked Car,missing-copyleft,,,,unknown,mode,caljup;cuppofruppo,Open Software License 3.0,copyleft,130,1270,1,community:caljup/eyesy-modes/T - Parked Car;patchstorage:t-parked-car,https://github.com/caljup/eyesy-modes/blob/main/eyesy-modes/T%20-%20Parked%20Car/main.py;https://patchstorage.com/parked-car/
constellations,Constellations,missing-copyleft,,,,unknown,mode,jbohn,Creative Commons Attribution Share Alike 4.0,copyleft,125,1254,2,patchstorage:constellations,https://patchstorage.com/constellations/
random-rectangles,Random Rectangles,missing-copyleft,,,,unknown,mode,jbohn,Creative Commons Attribution Share Alike 4.0,copyleft,119,806,0,patchstorage:random-rectangles,https://patchstorage.com/random-rectangles/
mbta,MBTA,missing-copyleft,,,,unknown,mode,jbohn,Creative Commons Attribution Share Alike 4.0,copyleft,104,1072,1,patchstorage:mbta,https://patchstorage.com/mbta/
random-radii,Random Radii,missing-copyleft,,,,unknown,mode,jbohn,Creative Commons Attribution Share Alike 4.0,copyleft,102,953,1,patchstorage:random-radii,https://patchstorage.com/random-radii/
random-lines,Random Lines,missing-copyleft,,,,unknown,mode,jbohn,Creative Commons Attribution Share Alike 4.0,copyleft,97,1018,0,patchstorage:random-lines,https://patchstorage.com/random-lines/
halloween,S - Halloween,missing-copyleft,,,,unknown,mode,caljup;cuppofruppo,Open Software License 3.0,copyleft,95,1193,2,community:caljup/eyesy-modes/S - Halloween;patchstorage:s-halloween,https://github.com/caljup/eyesy-modes/blob/main/eyesy-modes/S%20-%20Halloween/main.py;https://patchstorage.com/s-halloween/
random-concentric-circles,Random Concentric Circles,missing-copyleft,,,,unknown,mode,jbohn,Creative Commons Attribution Share Alike 4.0,copyleft,88,794,0,patchstorage:random-concentric-circles,https://patchstorage.com/random-concentric-circles/
basic-circles,Basic Circles,missing-copyleft,,,,unknown,mode,jbohn,Creative Commons Attribution Share Alike 4.0,copyleft,86,1065,1,patchstorage:basic-circles,https://patchstorage.com/basic-circles/
evileyesy,EvilEyesy,missing-copyleft,,,,unknown,mode,Turbulent Resonant Colon,Creative Commons Attribution Share Alike 4.0,copyleft,78,722,1,patchstorage:evileyesy,https://patchstorage.com/evileyesy/
eyesy-invaders,Eyesy Invaders,missing-copyleft,,,,unknown,mode,Turbulent Resonant Colon,Creative Commons Attribution Share Alike 4.0,copyleft,65,770,0,patchstorage:eyesy-invaders,https://patchstorage.com/eyesy-invaders/
cthulhuscope,CthulhuScope,missing-copyleft,,,,unknown,mode,Turbulent Resonant Colon,Creative Commons Attribution Share Alike 4.0,copyleft,54,702,3,patchstorage:cthulhuscope,https://patchstorage.com/cthulhuscope/
basic-circle,Basic Circle,missing-copyleft,,,,unknown,mode,jbohn,Creative Commons Attribution Share Alike 4.0,copyleft,51,939,0,patchstorage:basic-circle,https://patchstorage.com/basic-circle/
0-joy-division,S - 0 Joy Division,missing-no-licence,,,,unknown,mode,jeromedagustin,,none,,,,community:jeromedagustin/eyesy_projects/S - 0 Joy Division,https://github.com/jeromedagustin/eyesy_projects/blob/main/examples/scopes/S%20-%200%20Joy%20Division/main.py
0color-wheel,S-0Color-Wheel,missing-no-licence,,,,unknown,mode,stuart78,,none,,,,community:stuart78/Eyesy-native/S-0Color-Wheel,https://github.com/stuart78/Eyesy-native/blob/main/modes/S-0Color-Wheel/main.py
0elevation-hex,S-0Elevation-Hex,missing-no-licence,,,,unknown,mode,stuart78,,none,,,,community:stuart78/Eyesy-native/S-0Elevation-Hex,https://github.com/stuart78/Eyesy-native/blob/main/modes/S-0Elevation-Hex/main.py
3d-pipelines,S - 3D Pipelines,missing-no-licence,,,,unknown,mode,caljup,,none,,,,community:caljup/eyesy-modes/S - 3D Pipelines,https://github.com/caljup/eyesy-modes/blob/main/eyesy-modes/S%20-%203D%20Pipelines/main.py
back-to-back,S - Back to Back,missing-no-licence,,,,unknown,mode,caljup,,none,,,,community:caljup/eyesy-modes/S - Back to Back,https://github.com/caljup/eyesy-modes/blob/main/eyesy-modes/S%20-%20Back%20to%20Back/main.py
beach,S - Beach,missing-no-licence,,,,unknown,mode,hdesoyres,,none,,,,community:hdesoyres/eyesy-modes/S - Beach,https://github.com/hdesoyres/eyesy-modes/blob/master/Modes/Python/S%20-%20Beach/main.py
bezierflower,bezierFlower,missing-no-licence,,,,v1-of-lua,mode,okyeron,,none,,,,community:okyeron/EYESY_oFLua_Modes/bezierFlower,https://github.com/okyeron/EYESY_oFLua_Modes/blob/main/bezierFlower/main.lua
big-city-scroll,S - Big City Scroll,missing-no-licence,,,,unknown;v2-pygame,mode,Critter & Guitari;hdesoyres;pmerienne,,none,,,,community:hdesoyres/eyesy-modes/S - Big City Scroll;community:pmerienne/eyesy-modes/S - Big City Scroll;github-stock:EYESY_Modes_Pygame/S - Big City Scroll,https://github.com/critterandguitari/EYESY_Modes_Pygame/blob/master/S%20-%20Big%20City%20Scroll/main.py;https://github.com/hdesoyres/eyesy-modes/blob/master/Modes/Python/S%20-%20Big%20City%20Scroll/main.py;https://github.com/pmerienne/eyesy-modes/blob/main/Modes/Python/S%20-%20Big%20City%20Scroll/main.py
binary-star,S - Binary Star,missing-no-licence,,,,unknown;v2-pygame,mode,Critter & Guitari;hdesoyres;pmerienne,,none,,,,community:hdesoyres/eyesy-modes/S - Binary Star;community:pmerienne/eyesy-modes/S - Binary Star;github-stock:EYESY_Modes_Pygame/S - Binary Star,https://github.com/critterandguitari/EYESY_Modes_Pygame/blob/master/S%20-%20Binary%20Star/main.py;https://github.com/hdesoyres/eyesy-modes/blob/master/Modes/Python/S%20-%20Binary%20Star/main.py;https://github.com/pmerienne/eyesy-modes/blob/main/Modes/Python/S%20-%20Binary%20Star/main.py
bits-h,T - Bits H,missing-no-licence,,,,unknown;v2-pygame,mode,Critter & Guitari;hdesoyres;pmerienne,,none,,,,community:hdesoyres/eyesy-modes/T - Bits H;community:pmerienne/eyesy-modes/T - Bits H;github-stock:EYESY_Modes_Pygame/T - Bits H,https://github.com/critterandguitari/EYESY_Modes_Pygame/blob/master/T%20-%20Bits%20H/main.py;https://github.com/hdesoyres/eyesy-modes/blob/master/Modes/Python/T%20-%20Bits%20H/main.py;https://github.com/pmerienne/eyesy-modes/blob/main/Modes/Python/T%20-%20Bits%20H/main.py
bits-v,T - Bits V,missing-no-licence,,,,unknown;v2-pygame,mode,Critter & Guitari;hdesoyres;pmerienne,,none,,,,community:hdesoyres/eyesy-modes/T - Bits V;community:pmerienne/eyesy-modes/T - Bits V;github-stock:EYESY_Modes_Pygame/T - Bits V,https://github.com/critterandguitari/EYESY_Modes_Pygame/blob/master/T%20-%20Bits%20V/main.py;https://github.com/hdesoyres/eyesy-modes/blob/master/Modes/Python/T%20-%20Bits%20V/main.py;https://github.com/pmerienne/eyesy-modes/blob/main/Modes/Python/T%20-%20Bits%20V/main.py
bom-og-trans,T - BoM OG Trans,missing-no-licence,,,,unknown;v2-pygame,mode,Critter & Guitari;hdesoyres;pmerienne,,none,,,,community:hdesoyres/eyesy-modes/T - BoM OG Trans;community:pmerienne/eyesy-modes/T - BoM OG Trans;github-stock:EYESY_Modes_Pygame/T - BoM OG Trans,https://github.com/critterandguitari/EYESY_Modes_Pygame/blob/master/T%20-%20BoM%20OG%20Trans/main.py;https://github.com/hdesoyres/eyesy-modes/blob/master/Modes/Python/T%20-%20BoM%20OG%20Trans/main.py;https://github.com/pmerienne/eyesy-modes/blob/main/Modes/Python/T%20-%20BoM%20OG%20Trans/main.py
breathing-circles,S - Breathing Circles,missing-no-licence,,,,unknown,mode,jeromedagustin,,none,,,,community:jeromedagustin/eyesy_projects/S - Breathing Circles,https://github.com/jeromedagustin/eyesy_projects/blob/main/examples/scopes/S%20-%20Breathing%20Circles/main.py
byte-beat,S - Byte Beat,missing-no-licence,,,,unknown,mode,hdesoyres;pmerienne,,none,,,,community:hdesoyres/eyesy-modes/S - Byte Beat;community:pmerienne/eyesy-modes/S - Byte Beat,https://github.com/hdesoyres/eyesy-modes/blob/master/Modes/Python/S%20-%20Byte%20Beat/main.py;https://github.com/pmerienne/eyesy-modes/blob/main/Modes/Python/S%20-%20Byte%20Beat/main.py
byte-op,S - Byte OP,missing-no-licence,,,,unknown,mode,hdesoyres;pmerienne,,none,,,,community:hdesoyres/eyesy-modes/S - Byte OP;community:pmerienne/eyesy-modes/S - Byte OP,https://github.com/hdesoyres/eyesy-modes/blob/master/Modes/Python/S%20-%20Byte%20OP/main.py;https://github.com/pmerienne/eyesy-modes/blob/main/Modes/Python/S%20-%20Byte%20OP/main.py
charts,S - Charts,missing-no-licence,,,,unknown,mode,caljup,,none,,,,community:caljup/eyesy-modes/S - Charts,https://github.com/caljup/eyesy-modes/blob/main/eyesy-modes/S%20-%20Charts/main.py
circle-scope-connected,S - Circle Scope Connected,missing-no-licence,,,,unknown;v2-pygame,mode,Critter & Guitari;hdesoyres;pmerienne,,none,,,,community:hdesoyres/eyesy-modes/S - Circle Scope Connected;community:pmerienne/eyesy-modes/S - Circle Scope Connected;github-stock:EYESY_Modes_Pygame/S - Circle Scope Connected,https://github.com/critterandguitari/EYESY_Modes_Pygame/blob/master/S%20-%20Circle%20Scope%20Connected/main.py;https://github.com/hdesoyres/eyesy-modes/blob/master/Modes/Python/S%20-%20Circle%20Scope%20Connected/main.py;https://github.com/pmerienne/eyesy-modes/blob/main/Modes/Python/S%20-%20Circle%20Scope%20Connected/main.py
circle-scope-img,S - Circle Scope - Img,missing-no-licence,,,,unknown;v2-pygame,mode,Critter & Guitari;hdesoyres;pmerienne,,none,,,,community:hdesoyres/eyesy-modes/S - Circle Scope - Img;community:pmerienne/eyesy-modes/S - Circle Scope - Img;github-stock:EYESY_Modes_Pygame/S - Circle Scope - Img,https://github.com/critterandguitari/EYESY_Modes_Pygame/blob/master/S%20-%20Circle%20Scope%20-%20Img/main.py;https://github.com/hdesoyres/eyesy-modes/blob/master/Modes/Python/S%20-%20Circle%20Scope%20-%20Img/main.py;https://github.com/pmerienne/eyesy-modes/blob/main/Modes/Python/S%20-%20Circle%20Scope%20-%20Img/main.py
circlewaltz,circleWaltz,missing-no-licence,,,,v1-of-lua,mode,okyeron,,none,,,,community:okyeron/EYESY_oFLua_Modes/circleWaltz,https://github.com/okyeron/EYESY_oFLua_Modes/blob/main/circleWaltz/main.lua
color,Color,missing-no-licence,,,,v1-of-lua,example,Critter & Guitari,,none,,,,github-stock:EYESY_oFLua_Examples/Color,https://github.com/critterandguitari/EYESY_oFLua_Examples/blob/main/Color/main.lua
dancing-animals,dancing_animals,missing-no-licence,,,,unknown,mode,jeromedagustin,,none,,,,community:jeromedagustin/eyesy_projects/dancing_animals,https://github.com/jeromedagustin/eyesy_projects/blob/main/custom/dancing_animals/main.py
dancing-character,dancing_character,missing-no-licence,,,,unknown,mode,jeromedagustin,,none,,,,community:jeromedagustin/eyesy_projects/dancing_character,https://github.com/jeromedagustin/eyesy_projects/blob/main/custom/dancing_character/main.py
dancing-circle-img,S - Dancing Circle - Img,missing-no-licence,,,,unknown;v2-pygame,mode,Critter & Guitari;hdesoyres;pmerienne,,none,,,,community:hdesoyres/eyesy-modes/S - Dancing Circle - Img;community:pmerienne/eyesy-modes/S - Dancing Circle - Img;github-stock:EYESY_Modes_Pygame/S - Dancing Circle - Img,https://github.com/critterandguitari/EYESY_Modes_Pygame/blob/master/S%20-%20Dancing%20Circle%20-%20Img/main.py;https://github.com/hdesoyres/eyesy-modes/blob/master/Modes/Python/S%20-%20Dancing%20Circle%20-%20Img/main.py;https://github.com/pmerienne/eyesy-modes/blob/main/Modes/Python/S%20-%20Dancing%20Circle%20-%20Img/main.py
density-squares,T - Density Squares,missing-no-licence,,,,unknown;v2-pygame,mode,Critter & Guitari;hdesoyres;pmerienne,,none,,,,community:hdesoyres/eyesy-modes/T - Density Squares;community:pmerienne/eyesy-modes/T - Density Squares;github-stock:EYESY_Modes_Pygame/T - Density Squares,https://github.com/critterandguitari/EYESY_Modes_Pygame/blob/master/T%20-%20Density%20Squares/main.py;https://github.com/hdesoyres/eyesy-modes/blob/master/Modes/Python/T%20-%20Density%20Squares/main.py;https://github.com/pmerienne/eyesy-modes/blob/main/Modes/Python/T%20-%20Density%20Squares/main.py
doom,T - Doom,missing-no-licence,,,,unknown,mode,caljup,,none,,,,community:caljup/eyesy-modes/T - Doom,https://github.com/caljup/eyesy-modes/blob/main/eyesy-modes/T%20-%20Doom/main.py
draw-background,draw-background,missing-no-licence,,,,unknown,mode,katk3n,,none,,,,community:katk3n/eyesy-sandbox/draw-background,https://github.com/katk3n/eyesy-sandbox/blob/main/draw-background/main.py
draws-hashmarks-new,T - Draws Hashmarks New,missing-no-licence,,,,unknown;v2-pygame,mode,Critter & Guitari;hdesoyres;pmerienne,,none,,,,community:hdesoyres/eyesy-modes/T - Draws Hashmarks New;community:pmerienne/eyesy-modes/T - Draws Hashmarks New;github-stock:EYESY_Modes_Pygame/T - Draws Hashmarks New,https://github.com/critterandguitari/EYESY_Modes_Pygame/blob/master/T%20-%20Draws%20Hashmarks%20New/main.py;https://github.com/hdesoyres/eyesy-modes/blob/master/Modes/Python/T%20-%20Draws%20Hashmarks%20New/main.py;https://github.com/pmerienne/eyesy-modes/blob/main/Modes/Python/T%20-%20Draws%20Hashmarks%20New/main.py
eyesy-module-beziertest,eyesy_module_beziertest,missing-no-licence,,,,unknown,mode,tiroso,,none,,,,community:tiroso/eyesy_module_beziertest/eyesy_module_beziertest,https://github.com/tiroso/eyesy_module_beziertest/blob/main/main.py
flash,T-Flash,missing-no-licence,,,,unknown,mode,stuart78,,none,,,,community:stuart78/Eyesy-native/T-Flash;community:stuart78/eyesy_sim/T-Flash,https://github.com/stuart78/Eyesy-native/blob/main/modes/T-Flash/main.py;https://github.com/stuart78/eyesy_sim/blob/main/modes/T-Flash/main.py
floating-ball,S - Floating Ball,missing-no-licence,,,,unknown;v2-pygame,mode,Critter & Guitari;hdesoyres;pmerienne,,none,,,,community:hdesoyres/eyesy-modes/S - Floating Ball;community:pmerienne/eyesy-modes/S - Floating Ball;github-stock:EYESY_Modes_Pygame/S - Floating Ball,https://github.com/critterandguitari/EYESY_Modes_Pygame/blob/master/S%20-%20Floating%20Ball/main.py;https://github.com/hdesoyres/eyesy-modes/blob/master/Modes/Python/S%20-%20Floating%20Ball/main.py;https://github.com/pmerienne/eyesy-modes/blob/main/Modes/Python/S%20-%20Floating%20Ball/main.py
grid-circles-filled,S - Grid Circles - Filled,missing-no-licence,,,,unknown;v2-pygame,mode,Critter & Guitari;hdesoyres;pmerienne,,none,,,,community:hdesoyres/eyesy-modes/S - Grid Circles - Filled;community:pmerienne/eyesy-modes/S - Grid Circles - Filled;github-stock:EYESY_Modes_Pygame/S - Grid Circles - Filled,https://github.com/critterandguitari/EYESY_Modes_Pygame/blob/master/S%20-%20Grid%20Circles%20-%20Filled/main.py;https://github.com/hdesoyres/eyesy-modes/blob/master/Modes/Python/S%20-%20Grid%20Circles%20-%20Filled/main.py;https://github.com/pmerienne/eyesy-modes/blob/main/Modes/Python/S%20-%20Grid%20Circles%20-%20Filled/main.py
grid-polygons,S - Grid Polygons,missing-no-licence,,,,unknown;v2-pygame,mode,Critter & Guitari;hdesoyres;pmerienne,,none,,,,community:hdesoyres/eyesy-modes/S - Grid Polygons;community:pmerienne/eyesy-modes/S - Grid Polygons;github-stock:EYESY_Modes_Pygame/S - Grid Polygons,https://github.com/critterandguitari/EYESY_Modes_Pygame/blob/master/S%20-%20Grid%20Polygons/main.py;https://github.com/hdesoyres/eyesy-modes/blob/master/Modes/Python/S%20-%20Grid%20Polygons/main.py;https://github.com/pmerienne/eyesy-modes/blob/main/Modes/Python/S%20-%20Grid%20Polygons/main.py
grid-slide-square,S - Grid Slide Square,missing-no-licence,,,,unknown;v2-pygame,mode,Critter & Guitari;hdesoyres;pmerienne,,none,,,,community:hdesoyres/eyesy-modes/S - Grid Slide Square;community:pmerienne/eyesy-modes/S - Grid Slide Square;github-stock:EYESY_Modes_Pygame/S - Grid Slide Square,https://github.com/critterandguitari/EYESY_Modes_Pygame/blob/master/S%20-%20Grid%20Slide%20Square/main.py;https://github.com/hdesoyres/eyesy-modes/blob/master/Modes/Python/S%20-%20Grid%20Slide%20Square/main.py;https://github.com/pmerienne/eyesy-modes/blob/main/Modes/Python/S%20-%20Grid%20Slide%20Square/main.py
grid-slide-square-filled,S - Grid Slide Square - Filled,missing-no-licence,,,,unknown;v2-pygame,mode,Critter & Guitari;hdesoyres;pmerienne,,none,,,,community:hdesoyres/eyesy-modes/S - Grid Slide Square - Filled;community:pmerienne/eyesy-modes/S - Grid Slide Square - Filled;github-stock:EYESY_Modes_Pygame/S - Grid Slide Square - Filled,https://github.com/critterandguitari/EYESY_Modes_Pygame/blob/master/S%20-%20Grid%20Slide%20Square%20-%20Filled/main.py;https://github.com/hdesoyres/eyesy-modes/blob/master/Modes/Python/S%20-%20Grid%20Slide%20Square%20-%20Filled/main.py;https://github.com/pmerienne/eyesy-modes/blob/main/Modes/Python/S%20-%20Grid%20Slide%20Square%20-%20Filled/main.py
grid-triangles,S - Grid Triangles,missing-no-licence,,,,unknown;v2-pygame,mode,Critter & Guitari;hdesoyres;pmerienne,,none,,,,community:hdesoyres/eyesy-modes/S - Grid Triangles;community:pmerienne/eyesy-modes/S - Grid Triangles;github-stock:EYESY_Modes_Pygame/S - Grid Triangles,https://github.com/critterandguitari/EYESY_Modes_Pygame/blob/master/S%20-%20Grid%20Triangles/main.py;https://github.com/hdesoyres/eyesy-modes/blob/master/Modes/Python/S%20-%20Grid%20Triangles/main.py;https://github.com/pmerienne/eyesy-modes/blob/main/Modes/Python/S%20-%20Grid%20Triangles/main.py
h-circles-img,S - H Circles - Img,missing-no-licence,,,,unknown;v2-pygame,mode,Critter & Guitari;hdesoyres;pmerienne,,none,,,,community:hdesoyres/eyesy-modes/S - H Circles - Img;community:pmerienne/eyesy-modes/S - H Circles - Img;github-stock:EYESY_Modes_Pygame/S - H Circles - Img,https://github.com/critterandguitari/EYESY_Modes_Pygame/blob/master/S%20-%20H%20Circles%20-%20Img/main.py;https://github.com/hdesoyres/eyesy-modes/blob/master/Modes/Python/S%20-%20H%20Circles%20-%20Img/main.py;https://github.com/pmerienne/eyesy-modes/blob/main/Modes/Python/S%20-%20H%20Circles%20-%20Img/main.py
hal,S-HAL-9000,missing-no-licence,,,,unknown,mode,stuart78,,none,,,,community:stuart78/Eyesy-native/S-HAL-9000,https://github.com/stuart78/Eyesy-native/blob/main/modes/S-HAL-9000/main.py
horiz-2xlfo,S - Horiz 2xLFO,missing-no-licence,,,,unknown,mode,jeromedagustin,,none,,,,community:jeromedagustin/eyesy_projects/S - Horiz 2xLFO,https://github.com/jeromedagustin/eyesy_projects/blob/main/examples/scopes/S%20-%20Horiz%202xLFO/main.py
image,Image,missing-no-licence,,,,v1-of-lua,example,Critter & Guitari,,none,,,,github-stock:EYESY_oFLua_Examples/Image,https://github.com/critterandguitari/EYESY_oFLua_Examples/blob/main/Image/main.lua
image-circle-img,T - Image + Circle - Img,missing-no-licence,,,,unknown;v2-pygame,mode,Critter & Guitari;hdesoyres;pmerienne,,none,,,,community:hdesoyres/eyesy-modes/T - Image + Circle - Img;community:pmerienne/eyesy-modes/T - Image + Circle - Img;github-stock:EYESY_Modes_Pygame/T - Image + Circle - Img,https://github.com/critterandguitari/EYESY_Modes_Pygame/blob/master/T%20-%20Image%20%2B%20Circle%20-%20Img/main.py;https://github.com/hdesoyres/eyesy-modes/blob/master/Modes/Python/T%20-%20Image%20%2B%20Circle%20-%20Img/main.py;https://github.com/pmerienne/eyesy-modes/blob/main/Modes/Python/T%20-%20Image%20%2B%20Circle%20-%20Img/main.py
image-trip-numpy,S-Image-Trip-NumPy,missing-no-licence,,,,unknown,mode,stuart78,,none,,,,community:stuart78/Eyesy-native/S-Image-Trip-NumPy,https://github.com/stuart78/Eyesy-native/blob/main/modes/S-Image-Trip-NumPy/main.py
imagesubsect,imageSubsect,missing-no-licence,,,,v1-of-lua,mode,okyeron,,none,,,,community:okyeron/EYESY_oFLua_Modes/imageSubsect,https://github.com/okyeron/EYESY_oFLua_Modes/blob/main/imageSubsect/main.lua
interference-lfo,S - Interference - LFO,missing-no-licence,,,,unknown;v2-pygame,mode,Critter & Guitari;hdesoyres;pmerienne,,none,,,,community:hdesoyres/eyesy-modes/S - Interference - LFO;community:pmerienne/eyesy-modes/S - Interference - LFO;github-stock:EYESY_Modes_Pygame/S - Interference - LFO,https://github.com/critterandguitari/EYESY_Modes_Pygame/blob/master/S%20-%20Interference%20-%20LFO/main.py;https://github.com/hdesoyres/eyesy-modes/blob/master/Modes/Python/S%20-%20Interference%20-%20LFO/main.py;https://github.com/pmerienne/eyesy-modes/blob/main/Modes/Python/S%20-%20Interference%20-%20LFO/main.py
lava-lamp,S - Lava Lamp,missing-no-licence,,,,unknown,mode,caljup,,none,,,,community:caljup/eyesy-modes/S - Lava Lamp,https://github.com/caljup/eyesy-modes/blob/main/eyesy-modes/S%20-%20Lava%20Lamp/main.py
line-bounce-four-lfo,S - Line Bounce Four - LFO,missing-no-licence,,,,unknown;v2-pygame,mode,Critter & Guitari;hdesoyres;pmerienne,,none,,,,community:hdesoyres/eyesy-modes/S - Line Bounce Four - LFO;community:pmerienne/eyesy-modes/S - Line Bounce Four - LFO;github-stock:EYESY_Modes_Pygame/S - Line Bounce Four - LFO,https://github.com/critterandguitari/EYESY_Modes_Pygame/blob/master/S%20-%20Line%20Bounce%20Four%20-%20LFO/main.py;https://github.com/hdesoyres/eyesy-modes/blob/master/Modes/Python/S%20-%20Line%20Bounce%20Four%20-%20LFO/main.py;https://github.com/pmerienne/eyesy-modes/blob/main/Modes/Python/S%20-%20Line%20Bounce%20Four%20-%20LFO/main.py
line-bounce-two-lfo,S - Line Bounce Two - LFO,missing-no-licence,,,,unknown;v2-pygame,mode,Critter & Guitari;hdesoyres;pmerienne,,none,,,,community:hdesoyres/eyesy-modes/S - Line Bounce Two - LFO;community:pmerienne/eyesy-modes/S - Line Bounce Two - LFO;github-stock:EYESY_Modes_Pygame/S - Line Bounce Two - LFO,https://github.com/critterandguitari/EYESY_Modes_Pygame/blob/master/S%20-%20Line%20Bounce%20Two%20-%20LFO/main.py;https://github.com/hdesoyres/eyesy-modes/blob/master/Modes/Python/S%20-%20Line%20Bounce%20Two%20-%20LFO/main.py;https://github.com/pmerienne/eyesy-modes/blob/main/Modes/Python/S%20-%20Line%20Bounce%20Two%20-%20LFO/main.py
living-grid,S-Living-Grid,missing-no-licence,,,,unknown,mode,stuart78,,none,,,,community:stuart78/Eyesy-native/S-Living-Grid;community:stuart78/eyesy_sim/S-Living-Grid,https://github.com/stuart78/Eyesy-native/blob/main/modes/S-Living-Grid/main.py;https://github.com/stuart78/eyesy_sim/blob/main/modes/S-Living-Grid/main.py
marching-four-img,T - Marching Four - Img,missing-no-licence,,,,unknown;v2-pygame,mode,Critter & Guitari;hdesoyres;pmerienne,,none,,,,community:hdesoyres/eyesy-modes/T - Marching Four - Img;community:pmerienne/eyesy-modes/T - Marching Four - Img;github-stock:EYESY_Modes_Pygame/T - Marching Four - Img,https://github.com/critterandguitari/EYESY_Modes_Pygame/blob/master/T%20-%20Marching%20Four%20-%20Img/main.py;https://github.com/hdesoyres/eyesy-modes/blob/master/Modes/Python/T%20-%20Marching%20Four%20-%20Img/main.py;https://github.com/pmerienne/eyesy-modes/blob/main/Modes/Python/T%20-%20Marching%20Four%20-%20Img/main.py
mono-2-stereo,Mono_2_Stereo,missing-no-licence,,,,v1-of-lua,example,Critter & Guitari,,none,,,,github-stock:EYESY_oFLua_Examples/Mono_2_Stereo,https://github.com/critterandguitari/EYESY_oFLua_Examples/blob/main/Mono_2_Stereo/main.lua
musical-staff,musical_staff,missing-no-licence,,,,unknown,mode,jeromedagustin,,none,,,,community:jeromedagustin/eyesy_projects/musical_staff,https://github.com/jeromedagustin/eyesy_projects/blob/main/custom/musical_staff/main.py
path,Path,missing-no-licence,,,,v1-of-lua,example,Critter & Guitari,,none,,,,github-stock:EYESY_oFLua_Examples/Path,https://github.com/critterandguitari/EYESY_oFLua_Examples/blob/main/Path/main.lua
perspective-lines-lfo,S - Perspective Lines LFO,missing-no-licence,,,,unknown;v2-pygame,mode,Critter & Guitari;hdesoyres;pmerienne,,none,,,,community:hdesoyres/eyesy-modes/S - Perspective Lines LFO;community:pmerienne/eyesy-modes/S - Perspective Lines LFO;github-stock:EYESY_Modes_Pygame/S - Perspective Lines LFO,https://github.com/critterandguitari/EYESY_Modes_Pygame/blob/master/S%20-%20Perspective%20Lines%20LFO/main.py;https://github.com/hdesoyres/eyesy-modes/blob/master/Modes/Python/S%20-%20Perspective%20Lines%20LFO/main.py;https://github.com/pmerienne/eyesy-modes/blob/main/Modes/Python/S%20-%20Perspective%20Lines%20LFO/main.py
playa,S - Playa,missing-no-licence,,,,unknown,mode,hdesoyres,,none,,,,community:hdesoyres/eyesy-modes/S - Playa,https://github.com/hdesoyres/eyesy-modes/blob/master/Modes/Python/S%20-%20Playa/main.py
poetic-computation,S - Poetic Computation,missing-no-licence,,,,unknown,mode,balancespring,,none,,,,community:balancespring/EYESY/S - Poetic Computation,https://github.com/balancespring/EYESY/blob/main/Modes/Python/S%20-%20Poetic%20Computation/main.py
polyline,Polyline,missing-no-licence,,,,v1-of-lua,example,Critter & Guitari,,none,,,,github-stock:EYESY_oFLua_Examples/Polyline,https://github.com/critterandguitari/EYESY_oFLua_Examples/blob/main/Polyline/main.lua
primitives,Primitives,missing-no-licence,,,,v1-of-lua,example,Critter & Guitari,,none,,,,github-stock:EYESY_oFLua_Examples/Primitives,https://github.com/critterandguitari/EYESY_oFLua_Examples/blob/main/Primitives/main.lua
radial-scope,S - Radial Scope,missing-no-licence,,,,unknown;v2-pygame,mode,Critter & Guitari;hdesoyres;pmerienne,,none,,,,community:hdesoyres/eyesy-modes/S - Radial Scope;community:pmerienne/eyesy-modes/S - Radial Scope;github-stock:EYESY_Modes_Pygame/S - Radial Scope,https://github.com/critterandguitari/EYESY_Modes_Pygame/blob/master/S%20-%20Radial%20Scope/main.py;https://github.com/hdesoyres/eyesy-modes/blob/master/Modes/Python/S%20-%20Radial%20Scope/main.py;https://github.com/pmerienne/eyesy-modes/blob/main/Modes/Python/S%20-%20Radial%20Scope/main.py
radiating-square,S - Radiating Square,missing-no-licence,,,,unknown;v2-pygame,mode,Critter & Guitari;hdesoyres;pmerienne,,none,,,,community:hdesoyres/eyesy-modes/S - Radiating Square;community:pmerienne/eyesy-modes/S - Radiating Square;github-stock:EYESY_Modes_Pygame/S - Radiating Square,https://github.com/critterandguitari/EYESY_Modes_Pygame/blob/master/S%20-%20Radiating%20Square/main.py;https://github.com/hdesoyres/eyesy-modes/blob/master/Modes/Python/S%20-%20Radiating%20Square/main.py;https://github.com/pmerienne/eyesy-modes/blob/main/Modes/Python/S%20-%20Radiating%20Square/main.py
rain,S - Rain,missing-no-licence,,,,unknown,mode,jeromedagustin,,none,,,,community:jeromedagustin/eyesy_projects/S - Rain,https://github.com/jeromedagustin/eyesy_projects/blob/main/examples/scopes/S%20-%20Rain/main.py
rect,Rect,missing-no-licence,,,,v1-of-lua,example,Critter & Guitari,,none,,,,github-stock:EYESY_oFLua_Examples/Rect,https://github.com/critterandguitari/EYESY_oFLua_Examples/blob/main/Rect/main.lua
rectgrid,RectGrid,missing-no-licence,,,,v1-of-lua,example,Critter & Guitari,,none,,,,github-stock:EYESY_oFLua_Examples/RectGrid,https://github.com/critterandguitari/EYESY_oFLua_Examples/blob/main/RectGrid/main.lua
rectgridsound,RectGridSOUND,missing-no-licence,,,,v1-of-lua,example;mode,Critter & Guitari;okyeron,,none,,,,community:okyeron/EYESY_oFLua_Modes/RectGridSOUND;github-stock:EYESY_oFLua_Examples/RectGridSOUND,https://github.com/critterandguitari/EYESY_oFLua_Examples/blob/main/RectGridSOUND/main.lua;https://github.com/okyeron/EYESY_oFLua_Modes/blob/main/RectGridSOUND/main.lua
retro-road,S-Retro-Road,missing-no-licence,,,,unknown,mode,stuart78,,none,,,,community:stuart78/Eyesy-native/S-Retro-Road,https://github.com/stuart78/Eyesy-native/blob/main/modes/S-Retro-Road/main.py
riton-i,S - Riton I,missing-no-licence,,,,unknown,mode,hdesoyres;pmerienne,,none,,,,community:hdesoyres/eyesy-modes/S - Riton I;community:pmerienne/eyesy-modes/S - Riton I,https://github.com/hdesoyres/eyesy-modes/blob/master/Modes/Python/S%20-%20Riton%20I/main.py;https://github.com/pmerienne/eyesy-modes/blob/main/Modes/Python/S%20-%20Riton%20I/main.py
serpentski-triangle,T - Serpentski Triangle,missing-no-licence,,,,unknown,mode,caljup,,none,,,,community:caljup/eyesy-modes/T - Serpentski Triangle,https://github.com/caljup/eyesy-modes/blob/main/eyesy-modes/T%20-%20Serpentski%20Triangle/main.py
simple-circle,S-Simple-Circle,missing-no-licence,,,,unknown,mode,stuart78,,none,,,,community:stuart78/Eyesy-native/S-Simple-Circle;community:stuart78/eyesy_sim/S-Simple-Circle,https://github.com/stuart78/Eyesy-native/blob/main/modes/S-Simple-Circle/main.py;https://github.com/stuart78/eyesy_sim/blob/main/modes/S-Simple-Circle/main.py
slinky-clock-text,S - Slinky Clock Text,missing-no-licence,,,,unknown;v2-pygame,mode,Critter & Guitari;hdesoyres;pmerienne,,none,,,,community:hdesoyres/eyesy-modes/S - Slinky Clock Text;community:pmerienne/eyesy-modes/S - Slinky Clock Text;github-stock:EYESY_Modes_Pygame/S - Slinky Clock Text,https://github.com/critterandguitari/EYESY_Modes_Pygame/blob/master/S%20-%20Slinky%20Clock%20Text/main.py;https://github.com/hdesoyres/eyesy-modes/blob/master/Modes/Python/S%20-%20Slinky%20Clock%20Text/main.py;https://github.com/pmerienne/eyesy-modes/blob/main/Modes/Python/S%20-%20Slinky%20Clock%20Text/main.py
snake,S - Snake,missing-no-licence,,,,unknown,mode,Syntheist,,none,,,,community:Syntheist/eyesy-snake/S - Snake,https://github.com/Syntheist/eyesy-snake/blob/master/Modes/Python/S%20-%20Snake/main.py
snow,S - Snow,missing-no-licence,,,,unknown,mode,jeromedagustin,,none,,,,community:jeromedagustin/eyesy_projects/S - Snow,https://github.com/jeromedagustin/eyesy_projects/blob/main/examples/scopes/S%20-%20Snow/main.py
sound-jaws-ag,S - Sound Jaws-AG,missing-no-licence,,,,unknown;v2-pygame,mode,Critter & Guitari;hdesoyres;pmerienne,,none,,,,community:hdesoyres/eyesy-modes/S - Sound Jaws-AG;community:pmerienne/eyesy-modes/S - Sound Jaws-AG;github-stock:EYESY_Modes_Pygame/S - Sound Jaws-AG,https://github.com/critterandguitari/EYESY_Modes_Pygame/blob/master/S%20-%20Sound%20Jaws-AG/main.py;https://github.com/hdesoyres/eyesy-modes/blob/master/Modes/Python/S%20-%20Sound%20Jaws-AG/main.py;https://github.com/pmerienne/eyesy-modes/blob/main/Modes/Python/S%20-%20Sound%20Jaws-AG/main.py
sphere,Sphere,missing-no-licence,,,,v1-of-lua,mode,okyeron,,none,,,,community:okyeron/EYESY_oFLua_Modes/Sphere,https://github.com/okyeron/EYESY_oFLua_Modes/blob/main/Sphere/main.lua
spiral,S-Spiral,missing-no-licence,,,,unknown,mode,stuart78,,none,,,,community:stuart78/Eyesy-native/S-Spiral;community:stuart78/eyesy_sim/S-Spiral,https://github.com/stuart78/Eyesy-native/blob/main/modes/S-Spiral/main.py;https://github.com/stuart78/eyesy_sim/blob/main/modes/S-Spiral/main.py
square-shadows,S - Square Shadows,missing-no-licence,,,,unknown;v2-pygame,mode,Critter & Guitari;hdesoyres;pmerienne,,none,,,,community:hdesoyres/eyesy-modes/S - Square Shadows;community:pmerienne/eyesy-modes/S - Square Shadows;github-stock:EYESY_Modes_Pygame/S - Square Shadows,https://github.com/critterandguitari/EYESY_Modes_Pygame/blob/master/S%20-%20Square%20Shadows/main.py;https://github.com/hdesoyres/eyesy-modes/blob/master/Modes/Python/S%20-%20Square%20Shadows/main.py;https://github.com/pmerienne/eyesy-modes/blob/main/Modes/Python/S%20-%20Square%20Shadows/main.py
src,src,missing-no-licence,,,,unknown,mode,BrettKinny,,none,,,,community:BrettKinny/Eyesy/src,https://github.com/BrettKinny/Eyesy/blob/main/engine/src/main.cpp
string-vibration,S-String-Vibration,missing-no-licence,,,,unknown,mode,stuart78,,none,,,,community:stuart78/Eyesy-native/S-String-Vibration;community:stuart78/eyesy_sim/S-String-Vibration,https://github.com/stuart78/Eyesy-native/blob/main/modes/S-String-Vibration/main.py;https://github.com/stuart78/eyesy_sim/blob/main/modes/S-String-Vibration/main.py
surf-waves,S - Surf Waves,missing-no-licence,,,,unknown,mode,jeromedagustin,,none,,,,community:jeromedagustin/eyesy_projects/S - Surf Waves,https://github.com/jeromedagustin/eyesy_projects/blob/main/examples/scopes/S%20-%20Surf%20Waves/main.py
template-mode,template_mode,missing-no-licence,,,,unknown,mode,jeromedagustin,,none,,,,community:jeromedagustin/eyesy_projects/template_mode,https://github.com/jeromedagustin/eyesy_projects/blob/main/custom/template_mode/main.py
text,TEXT,missing-no-licence,,,,v1-of-lua,example,Critter & Guitari,,none,,,,github-stock:EYESY_oFLua_Examples/TEXT,https://github.com/critterandguitari/EYESY_oFLua_Examples/blob/main/TEXT/main.lua
textsubsect,TextSubsect,missing-no-licence,,,,v1-of-lua,mode,okyeron,,none,,,,community:okyeron/EYESY_oFLua_Modes/TextSubsect,https://github.com/okyeron/EYESY_oFLua_Modes/blob/main/TextSubsect/main.lua
textures,Textures,missing-no-licence,,,,v1-of-lua,example,Critter & Guitari,,none,,,,github-stock:EYESY_oFLua_Examples/Textures,https://github.com/critterandguitari/EYESY_oFLua_Examples/blob/main/Textures/main.lua
trianglemesh,TriangleMesh,missing-no-licence,,,,v1-of-lua,example,Critter & Guitari,,none,,,,github-stock:EYESY_oFLua_Examples/TriangleMesh,https://github.com/critterandguitari/EYESY_oFLua_Examples/blob/main/TriangleMesh/main.lua
vectors,Vectors,missing-no-licence,,,,v1-of-lua,example,Critter & Guitari,,none,,,,github-stock:EYESY_oFLua_Examples/Vectors,https://github.com/critterandguitari/EYESY_oFLua_Examples/blob/main/Vectors/main.lua
video,VIDEO,missing-no-licence,,,,v1-of-lua,example,Critter & Guitari,,none,,,,github-stock:EYESY_oFLua_Examples/VIDEO,https://github.com/critterandguitari/EYESY_oFLua_Examples/blob/main/VIDEO/main.lua
x-scope-new,S - X Scope New,missing-no-licence,,,,unknown;v2-pygame,mode,Critter & Guitari;hdesoyres;pmerienne,,none,,,,community:hdesoyres/eyesy-modes/S - X Scope New;community:pmerienne/eyesy-modes/S - X Scope New;github-stock:EYESY_Modes_Pygame/S - X Scope New,https://github.com/critterandguitari/EYESY_Modes_Pygame/blob/master/S%20-%20X%20Scope%20New/main.py;https://github.com/hdesoyres/eyesy-modes/blob/master/Modes/Python/S%20-%20X%20Scope%20New/main.py;https://github.com/pmerienne/eyesy-modes/blob/main/Modes/Python/S%20-%20X%20Scope%20New/main.py
z-oy-oscilloscope,Z - OY Oscilloscope,missing-no-licence,,,,unknown,mode,hdesoyres;pmerienne,,none,,,,community:hdesoyres/eyesy-modes/Z - OY Oscilloscope;community:pmerienne/eyesy-modes/Z - OY Oscilloscope,https://github.com/hdesoyres/eyesy-modes/blob/master/Modes/Python/Z%20-%20OY%20Oscilloscope/main.py;https://github.com/pmerienne/eyesy-modes/blob/main/Modes/Python/Z%20-%20OY%20Oscilloscope/main.py
